Pokemon,Score,Dex,Type 1,Type 2,Attack,Defense,Stamina,Stat Product,Level,CP,Fast Move,Charged Move 1,Charged Move 2,Charged Move 1 Count,Charged Move 2 Count,Buddy Distance,Charged Move Cost
Tinkaton,92.3,959,fairy,steel,106.2,140.9,141,2110405,25,1500,Fairy Wind,Gigaton Hammer*,Bulldoze,7,7,3,75000
Ninetales (Shadow),91.3,38,fire,none,114.4,135.5,126,1953716,24.5,1496,Ember*,Weather Ball (Fire),Energy Ball*,4,5,3,50000
Quagsire (Shadow),91.3,195,water,ground,111.3,112.7,161,2018332,28.5,1499,Mud Shot,Aqua Tail*,Stone Edge,4,7,3,50000
Corsola (Galarian),91.2,222,ghost,none,99.3,163.1,139,2251734,47.5,1500,Astonish,Night Shade,Power Gem,5,5,3,50000
Corviknight,91.2,823,flying,steel,107,130.7,150,2097411,23,1500,Sand Attack,Air Cutter*,Iron Head*,10,13,1,10000
Cramorant,91.2,845,flying,water,121.2,121.2,126,1852316,26,1498,Peck,Dive,Fly,5,6,3,50000
Melmetal,91.2,809,steel,none,121,105.2,146,1857750,15.5,1500,Thunder Shock,Double Iron Bash*,Dynamic Punch,4,5,20,100000
Quagsire,91.1,195,water,ground,111.3,112.7,161,2018332,28.5,1499,Mud Shot,Aqua Tail*,Stone Edge,4,7,3,50000
Empoleon,90.9,395,water,steel,125.2,117,122,1787543,19,1497,Metal Sound,Hydro Cannon*,Drill Peck,5,5,3,10000
Mantine,90.9,226,water,flying,105.5,166.6,121,2126860,27,1500,Wing Attack,Twister,Water Pulse,5,7,5,75000
Ninetales,90.9,38,fire,none,114.4,135.5,126,1953716,24.5,1496,Ember*,Weather Ball (Fire),Energy Ball*,4,5,3,50000
Thievul,90.9,828,dark,none,119.9,121.9,127,1856410,26,1494,Sucker Punch,Night Slash,Icy Wind*,5,7,1,10000
Altaria,90.8,334,dragon,flying,103.4,151.9,138,2167763,28.5,1499,Dragon Breath,Sky Attack,Flamethrower,13,14,1,10000
Florges,90.8,671,fairy,none,120.1,141.6,110,1869643,17,1499,Fairy Wind,Chilling Water*,Disarming Voice,5,5,3,50000
Corviknight (Shadow),90.7,823,flying,steel,107,130.7,150,2097411,23,1500,Sand Attack,Air Cutter*,Iron Head*,10,13,1,10000
Empoleon (Shadow),90.7,395,water,steel,125.2,117,122,1787543,19,1497,Metal Sound,Hydro Cannon*,Drill Peck,5,5,3,10000
Mimikyu,90.6,778,ghost,fairy,121.6,141.6,107,1841866,25,1500,Shadow Claw,Shadow Sneak,Play Rough,7,8,5,50000
Jellicent,90.5,593,water,ghost,106.7,126.3,156,2101858,24,1499,Hex,Surf,Shadow Ball,4,4,3,50000
Altaria (Shadow),90.4,334,dragon,flying,103.4,151.9,138,2167763,28.5,1499,Dragon Breath,Sky Attack,Flamethrower,13,14,1,10000
Furret,90.4,162,normal,none,115.3,105.4,160,1945534,34.5,1498,Sucker Punch,Swift,Trailblaze,5,7,1,10000
Clodsire,90.3,980,poison,ground,95.1,119.7,208,2366922,29.5,1500,Poison Sting,Earthquake,Stone Edge,8,7,3,50000
Fearow,90.3,22,normal,flying,131.5,104.6,124,1705662,28,1500,Peck,Drill Peck,Drill Run,5,5,1,10000
Vigoroth,90.3,288,normal,none,116.2,114.1,145,1923360,28.5,1497,Scratch,Body Slam,Bulldoze,10,14,5,75000
Annihilape,90.2,979,fighting,ghost,123.4,105.2,140,1817129,17,1499,Low Kick,Rage Fist*,Ice Punch,5,5,3,50000
Annihilape (Shadow),90.2,979,fighting,ghost,123.4,105.2,140,1817129,17,1499,Low Kick,Rage Fist*,Ice Punch,5,5,3,50000
Azumarill,90.2,184,water,fairy,93.4,134.5,191,2399514,43,1499,Bubble,Ice Beam,Play Rough,5,6,3,50000
Malamar,90.2,687,dark,psychic,117.2,116.6,139,1899127,23.5,1493,Psywave,Superpower,Foul Play,10,10,3,50000
Marowak,90.2,105,ground,none,109.6,148.9,125,2040576,31.5,1496,Mud Slap,Bone Club,Rock Slide,4,5,3,50000
Malamar (Shadow),90.1,687,dark,psychic,117.2,116.6,139,1899127,23.5,1493,Psywave,Foul Play,Superpower,10,10,3,50000
Sableye (Shadow),90.1,302,dark,ghost,119.7,124.6,125,1864140,47,1496,Shadow Claw,Foul Play,Drain Punch,5,5,5,75000
Dondozo,89.9,977,water,none,104.6,109.7,187,2146006,18.5,1499,Waterfall,Surf,Outrage,5,6,5,75000
Electrode (Hisuian),89.9,101,electric,grass,123.3,128.7,115,1825336,26,1500,Thunder Shock,Wild Charge,Energy Ball,5,5,3,50000
Feraligatr,89.9,160,water,none,123.9,117.4,125,1817697,19.5,1500,Shadow Claw,Hydro Cannon*,Ice Beam,5,7,3,10000
Guzzlord,89.8,799,dark,dragon,113.3,66.1,265,1982915,19.5,1499,Dragon Tail,Brutal Swing,Sludge Bomb,3,5,20,100000
Lapras,89.8,131,water,ice,104.7,114.6,179,2147136,21.5,1499,Psywave,Sparkling Aria,Ice Beam*,12,14,5,75000
Mandibuzz,89.8,630,dark,flying,92.1,151.3,175,2439745,26.5,1500,Snarl,Dark Pulse,Shadow Ball,4,4,5,75000
Umbreon,89.8,197,dark,none,90.2,177,156,2491764,27,1500,Snarl,Dark Pulse,Last Resort*,4,5,5,75000
Kingdra,89.6,230,water,dragon,121.8,127.9,118,1839109,21,1497,Dragon Breath,Surf,Swift,12,9,3,50000
Feraligatr (Shadow),89.5,160,water,none,123.9,117.4,125,1817697,19.5,1500,Shadow Claw,Hydro Cannon*,Ice Beam,5,7,3,10000
Kingdra (Shadow),89.5,230,water,dragon,121.8,127.9,118,1839109,21,1497,Dragon Breath,Surf,Swift,12,9,3,50000
Sableye,89.5,302,dark,ghost,119.7,124.6,125,1864140,47,1496,Shadow Claw,Foul Play,Power Gem,5,7,5,75000
Snorlax,89.5,143,normal,none,108.4,102.3,187,2073265,17.5,1500,Psywave,Body Slam,Superpower,10,10,5,75000
Hippowdon,89.4,450,ground,none,116.2,116.8,142,1926191,18,1500,Sand Attack,Weather Ball (Rock),Earth Power,9,13,3,50000
Vigoroth (Shadow),89.4,288,normal,none,116.2,114.1,145,1923360,28.5,1497,Scratch,Body Slam,Brick Break,10,10,5,75000
Blastoise,89.2,9,water,none,112.1,137.7,130,2007546,23,1500,Bite,Hydro Cannon*,Skull Bash,10,19,3,10000
Hippowdon (Shadow),89.2,450,ground,none,116.2,116.8,142,1926191,18,1500,Sand Attack,Weather Ball (Rock),Earth Power,9,13,3,50000
Medicham,89.2,308,fighting,psychic,106.9,139.5,141,2102958,49,1500,Psycho Cut,Ice Punch,Dynamic Punch,5,5,3,50000
Hydreigon (Shadow),89.1,635,dark,dragon,136.1,104.5,116,1649711,15,1500,Dragon Breath,Brutal Swing*,Fly,9,12,5,75000
Jumpluff,89.1,189,grass,flying,96.7,157,153,2322994,40.5,1499,Fairy Wind,Energy Ball,Acrobatics*,5,7,3,50000
Snorlax (Shadow),89.1,143,normal,none,108.4,102.3,187,2073265,17.5,1500,Psywave,Body Slam,Superpower,10,10,5,75000
Carbink,89,703,rock,fairy,84,252.1,126,2669074,50,1497,Rock Throw,Rock Slide,Moonblast,9,10,5,75000
Dragonair (Shadow),88.9,148,dragon,none,125.2,112.5,127,1788369,33,1499,Dragon Breath,Wrap,Aqua Tail,12,9,5,75000
Forretress,88.9,205,bug,steel,109.8,145.5,128,2043769,24.5,1499,Volt Switch,Sand Tomb,Rock Tomb,3,4,5,75000
Moltres (Galarian),88.9,146,dark,flying,115.1,134.7,124,1922500,17.5,1488,Sucker Punch,Fly,Brave Bird,7,8,20,100000
Turtonator,88.9,776,fire,dragon,113.5,153.6,113,1971162,25,1499,Incinerate,Brutal Swing,Dragon Claw,2,3,5,75000
Diggersby,88.8,660,normal,ground,95.7,140.3,174,2337114,47,1499,Mud Shot,Fire Punch,Scorching Sands,5,6,1,10000
Lapras (Shadow),88.8,131,water,ice,104.7,114.6,179,2147136,21.5,1499,Psywave,Sparkling Aria,Ice Beam*,12,14,5,75000
Charjabug,88.7,737,bug,electric,114.8,134.8,126,1949448,36.5,1497,Volt Switch*,X-Scissor,Discharge,3,3,1,10000
Cradily,88.7,346,rock,grass,105.2,140.3,144,2126277,25.5,1497,Acid,Rock Tomb,Grass Knot,7,7,3,50000
Ninetales (Alolan),88.7,38,ice,fairy,114.5,136.1,125,1948701,24,1497,Powder Snow,Weather Ball (Ice),Chilling Water*,5,6,3,50000
Swampert,88.7,260,water,ground,123,109.2,136,1825538,18.5,1499,Mud Shot,Hydro Cannon*,Earthquake,5,8,3,10000
Swampert (Shadow),88.7,260,water,ground,123,109.2,136,1825538,18.5,1499,Mud Shot,Hydro Cannon*,Earthquake,5,8,3,10000
Dewgong,88.6,87,water,ice,102,136.9,157,2192411,28.5,1498,Ice Shard*,Icy Wind*,Drill Run,5,4,3,50000
Doublade,88.6,680,steel,ghost,122.9,140,106,1824726,22.5,1500,Shadow Claw,Sacred Sword,Iron Head,5,7,5,75000
Dusclops (Shadow),88.6,356,ghost,none,102.4,197.7,108,2186937,42,1497,Hex,Ice Punch,Shadow Punch,4,3,3,50000
Ninetales (Alolan) (Shadow),88.6,38,ice,fairy,114.5,136.1,125,1948701,24,1497,Powder Snow,Weather Ball (Ice),Chilling Water*,5,6,3,50000
Rillaboom,88.5,812,grass,none,132.4,99.3,129,1696084,16.5,1499,Scratch,Drum Beating,Earth Power,9,13,3,10000
Aegislash (Shield),88.3,681,steel,ghost,82.9,234.6,139,2701765,46,1498,Psycho Cut,Shadow Ball,Gyro Ball,9,9,5,75000
Spidops,88.3,918,bug,none,111,138.9,131,2019559,37.5,1497,Shadow Claw,Lunge,Rock Tomb,6,7,1,50000
Marowak (Shadow),88.2,105,ground,none,109.6,148.9,125,2040576,31.5,1496,Mud Slap,Bone Club,Rock Slide,4,5,3,50000
Dragonair,88.1,148,dragon,none,125.2,112.5,127,1788369,33,1499,Dragon Breath,Aqua Tail,Dragon Pulse,9,14,5,75000
Seismitoad,88.1,537,water,ground,120.3,100.9,154,1868887,22,1500,Mud Shot,Earth Power,Icy Wind,6,5,3,50000
Dusclops,88,356,ghost,none,102.4,197.7,108,2186937,42,1497,Hex,Ice Punch,Shadow Punch,4,3,3,50000
Forretress (Shadow),87.9,205,bug,steel,109.8,145.5,128,2043769,24.5,1499,Volt Switch,Sand Tomb,Rock Tomb,3,4,5,75000
Gourgeist (Large),87.8,711,ghost,grass,115.9,137.2,122,1940488,22,1500,Incinerate,Shadow Ball,Seed Bomb,3,2,5,75000
Regidrago,87.8,895,dragon,none,121.9,62.7,241,1842328,20,1499,Dragon Breath*,Dragon Energy*,Vise Grip,12,10,20,100000
Dusknoir (Shadow),87.7,477,ghost,none,119.8,174.2,90,1878255,23.5,1500,Astonish,Dynamic Punch,Shadow Punch,5,4,3,50000
Grumpig,87.7,326,psychic,none,113.3,131.5,132,1966510,23.5,1497,Psywave,Dynamic Punch,Shadow Ball,12,13,1,10000
Gourgeist (Average),87.6,711,ghost,grass,115.9,145.1,115,1933691,23.5,1498,Incinerate,Shadow Ball,Seed Bomb,3,2,5,75000
Gourgeist (Super),87.6,711,ghost,grass,115.1,131.6,129,1953944,21,1500,Incinerate,Shadow Ball,Seed Bomb,3,2,5,75000
Registeel,87.6,379,steel,none,95.7,190.1,129,2346311,22.5,1499,Lock On,Flash Cannon,Focus Blast,13,15,20,100000
Talonflame,87.6,663,fire,flying,121.4,112.7,135,1846682,25.5,1500,Incinerate*,Fly,Brave Bird,3,3,1,10000
Clefable,87.3,36,fairy,none,116.6,112.1,147,1921642,23,1498,Fairy Wind,Moonblast,Meteor Mash,6,5,1,10000
Drapion (Shadow),87.3,452,poison,dark,117.9,136.9,118,1903472,22.5,1500,Poison Sting,Crunch,Aqua Tail,5,4,5,75000
Gourgeist (Small),87.3,711,ghost,grass,116.9,153,107,1913042,25,1499,Incinerate,Shadow Ball,Seed Bomb,3,2,5,75000
Morpeko (Full Belly),87.3,877,electric,dark,140.5,96.3,118,1596126,28.5,1499,Thunder Shock,Aura Wheel,Psychic Fangs,5,4,3,50000
Dunsparce,87.2,206,normal,none,104.8,111,184,2139359,37.5,1499,Bite,Drill Run,Rock Slide,10,12,3,50000
Hydreigon,87.2,635,dark,dragon,136.1,104.5,116,1649711,15,1500,Dragon Breath,Brutal Swing*,Fly,9,12,5,75000
Jumpluff (Shadow),87.2,189,grass,flying,96.7,157,153,2322994,40.5,1499,Fairy Wind,Energy Ball,Acrobatics*,5,7,3,50000
Samurott,87.2,503,water,none,128,100.9,136,1756037,19.5,1500,Fury Cutter,Hydro Cannon*,Megahorn,10,14,3,10000
Goodra,87.1,706,dragon,none,119.7,134.1,117,1878306,16,1499,Dragon Breath,Aqua Tail,Thunder Punch*,9,10,5,75000
Oranguru,87.1,765,normal,psychic,110.2,130.1,142,2034972,23,1498,Confusion,Brutal Swing,Trailblaze,3,4,3,75000
Dusknoir,87,477,ghost,none,119.8,174.2,90,1878255,23.5,1500,Astonish,Dynamic Punch,Shadow Punch,5,4,3,50000
Seaking,87,119,water,none,121.9,109,138,1833820,26,1500,Peck,Drill Run*,Icy Wind*,5,6,3,50000
Steelix (Shadow),87,208,steel,ground,98.4,183.3,126,2272944,23.5,1497,Thunder Fang,Psychic Fangs,Crunch,6,8,5,75000
Shelgon (Shadow),86.9,372,dragon,none,123.3,119.1,123,1806077,27.5,1498,Dragon Breath,Twister,Flamethrower,10,14,5,75000
Muk (Alolan),86.8,89,poison,dark,115.9,111.7,148,1916176,20,1491,Poison Jab,Brutal Swing,Ice Punch,5,6,3,50000
Aromatisse,86.7,683,fairy,none,115.8,107.3,156,1939437,24,1500,Fairy Wind,Moonblast,Psyshock,6,5,3,50000
Shelgon,86.7,372,dragon,none,123.3,119.1,123,1806077,27.5,1498,Dragon Breath,Twister,Flamethrower,10,14,5,75000
Castform (Sunny),86.6,351,fire,none,112.6,121.3,146,1993800,39.5,1500,Ember,Weather Ball (Fire),Solar Beam,4,9,5,75000
Drapion,86.5,452,poison,dark,117.9,136.9,118,1903472,22.5,1500,Poison Sting,Crunch,Aqua Tail,5,4,5,75000
Talonflame (Shadow),86.5,663,fire,flying,121.4,112.7,135,1846682,25.5,1500,Incinerate*,Flame Charge,Fly,3,3,1,10000
Wigglytuff,86.5,40,normal,fairy,115.1,75.5,223,1938893,29,1493,Charm,Icy Wind,Swift,6,5,1,10000
Pelipper,86.4,279,water,flying,123.3,128.7,115,1825336,26,1500,Wing Attack,Weather Ball (Water),Hurricane,5,8,3,50000
Stunfisk,86.4,618,ground,electric,101.5,126.7,172,2211731,26,1499,Thunder Shock,Mud Bomb,Discharge,5,5,5,75000
Stunfisk (Galarian),86.4,618,ground,steel,101.5,126.7,172,2211731,26,1499,Mud Shot,Rock Slide,Earthquake,5,8,5,75000
Wartortle,86.3,8,water,none,107.6,139.1,139,2080282,47.5,1496,Bite,Aqua Jet,Ice Beam,10,14,3,10000
Morgrem,86.2,860,dark,fairy,124.8,98,147,1798764,49.5,1500,Sucker Punch,Foul Play,Play Rough,6,9,5,50000
Muk (Alolan) (Shadow),86.2,89,poison,dark,115.9,111.7,148,1916176,20,1491,Poison Jab,Brutal Swing,Ice Punch,5,6,3,50000
Cresselia,86.1,488,psychic,none,93.2,160.7,160,2396223,20,1497,Psycho Cut,Grass Knot*,Moonblast,6,6,20,100000
Oinkologne (Female),86.1,916,normal,none,109.6,111.5,167,2041611,22.5,1500,Take Down,Body Slam,Trailblaze,5,5,1,10000
Greninja (Shadow),86,658,water,dark,139.6,100.4,115,1611397,21,1500,Water Shuriken,Hydro Cannon*,Brutal Swing,3,3,3,10000
Orthworm,86,968,steel,none,109.1,154.1,122,2050646,24.5,1497,Mud Slap,Rock Tomb,Iron Head,5,5,5,75000
Golisopod,85.9,768,bug,water,124.1,134.7,108,1804489,17.5,1499,Fury Cutter,X-Scissor,Aqua Jet,10,10,1,10000
Pachirisu,85.9,417,electric,none,91.6,157.1,142,2043738,50,1372,Volt Switch,Hyper Fang,Thunder Punch,4,3,5,75000
Togekiss,85.9,468,fairy,flying,124.3,125.9,115,1799029,16.5,1498,Peck,Psyshock,Aura Sphere*,5,5,3,50000
Toxapex,85.9,748,poison,water,91.9,224.3,118,2433080,38,1497,Bite,Brine,Sludge Wave,15,17,3,50000
Sealeo,85.8,364,ice,water,109,112.8,168,2065168,36,1500,Powder Snow,Surf,Body Slam,6,5,3,50000
Sliggoo,85.8,705,dragon,none,114.2,133.8,128,1955692,27.5,1499,Dragon Breath,Body Slam,Dragon Pulse,10,14,5,75000
Walrein,85.8,365,ice,water,112.5,114.9,154,1990879,20.5,1500,Powder Snow*,Icicle Spear*,Earthquake,5,9,3,50000
Flamigo,85.7,973,flying,fighting,138,95.6,123,1622436,20,1500,Peck,Upper Hand,Brave Bird,5,7,3,75000
Araquanid,85.6,752,water,bug,97.4,174,136,2306355,32,1499,Infestation,Water Pulse,Mirror Coat,5,5,3,50000
Murkrow (Shadow),85.6,198,dark,flying,143.2,81.1,135,1567720,41,1499,Peck,Drill Peck,Foul Play,5,5,3,50000
Qwilfish (Hisuian),85.6,211,dark,poison,128.1,112.4,121,1741533,26,1494,Poison Sting,Aqua Tail,Dark Pulse,4,5,3,50000
Miltank,85.5,241,normal,none,105.4,134.8,150,2130680,24,1500,Rollout,Body Slam,High Horsepower,4,5,5,75000
Milotic (Shadow),85.4,350,water,none,113.2,133.9,131,1985080,18.5,1498,Waterfall,Aqua Tail,Wrap,4,5,5,75000
Politoed (Shadow),85.4,186,water,none,114,124.3,139,1970072,23,1498,Mud Shot,Weather Ball (Water),Ice Beam*,4,7,3,50000
Spiritomb,85.4,442,ghost,dark,120.8,147.9,104,1857210,27,1498,Sucker Punch,Rock Tomb,Shadow Ball,8,8,5,75000
Gligar (Shadow),85.3,207,ground,flying,108.5,145.3,131,2064887,31,1498,Wing Attack,Night Slash,Dig,5,7,5,75000
Throh,85.3,538,fighting,none,110.3,107.8,171,2032228,22,1499,Low Kick,Brick Break,Body Slam,5,5,5,75000
Grumpig (Shadow),85.2,326,psychic,none,113.3,131.5,132,1966510,23.5,1497,Psywave,Dynamic Punch,Shadow Ball,12,13,1,10000
Milotic,85.2,350,water,none,113.2,133.9,131,1985080,18.5,1498,Waterfall,Aqua Tail,Wrap,4,5,5,75000
Gligar,85.1,207,ground,flying,108.5,145.3,131,2064887,31,1498,Wing Attack,Night Slash,Dig,5,7,5,75000
Toucannon (Shadow),85.1,733,normal,flying,137.3,96.8,123,1634212,20.5,1500,Peck,Beak Blast*,Drill Peck,7,5,1,10000
Crustle,85,558,bug,rock,120.3,134.7,115,1863686,22,1499,Fury Cutter,X-Scissor,Rock Wrecker,10,13,1,10000
Giratina (Altered) (Shadow),85,487,ghost,dragon,105.3,125,159,2092849,16,1487,Dragon Breath,Dragon Claw,Shadow Sneak,13,13,20,100000
Hakamo-o,85,783,dragon,fighting,115.5,135.6,124,1942416,36.5,1498,Dragon Tail,Brick Break,Rock Tomb,4,5,5,75000
Klefki,85,707,steel,fairy,118,137.4,117,1896718,29,1497,Astonish,Foul Play,Draining Kiss,4,6,3,50000
Zweilous,85,634,dark,dragon,120.5,110.2,140,1859224,30.5,1498,Dragon Breath,Body Slam,Dark Pulse,10,12,5,75000
Charjabug (Shadow),84.9,737,bug,electric,114.8,134.8,126,1949448,36.5,1497,Volt Switch*,X-Scissor,Discharge,3,3,1,10000
Deoxys (Defense),84.9,386,psychic,none,101,221.5,98,2192628,23.5,1491,Low Kick,Psycho Boost,Thunderbolt,5,7,20,100000
Metang,84.9,375,steel,psychic,109,145.8,129,2049614,36,1498,Fury Cutter,Psyshock,Gyro Ball,10,13,5,75000
Metang (Shadow),84.9,375,steel,psychic,109,145.8,129,2049614,36,1498,Fury Cutter,Psyshock,Gyro Ball,10,13,5,75000
Steelix,84.9,208,steel,ground,98.4,183.3,126,2272944,23.5,1497,Thunder Fang,Psychic Fangs,Crunch,6,8,5,75000
Walrein (Shadow),84.8,365,ice,water,112.5,114.9,154,1990879,20.5,1500,Powder Snow*,Icicle Spear*,Earthquake,5,9,3,50000
Wormadam (Trash),84.8,413,bug,steel,105,151.1,135,2141526,41,1500,Sucker Punch,Bug Buzz,Iron Head,9,8,1,10000
Zweilous (Shadow),84.8,634,dark,dragon,120.5,110.2,140,1859224,30.5,1498,Dragon Breath,Body Slam,Dark Pulse,10,12,5,75000
Cofagrigus,84.7,563,ghost,none,111.7,165.3,109,2013466,24.5,1500,Shadow Claw,Shadow Ball,Energy Ball,7,6,3,50000
Poliwrath,84.7,62,water,fighting,115.8,122,137,1936317,21.5,1500,Mud Shot,Icy Wind,Dynamic Punch,5,5,3,50000
Samurott (Shadow),84.7,503,water,none,128,100.9,136,1756037,19.5,1500,Fury Cutter,Hydro Cannon*,Megahorn,10,14,3,10000
Toucannon,84.7,733,normal,flying,137.3,96.8,123,1634212,20.5,1500,Peck,Beak Blast*,Drill Peck,7,5,1,10000
Kommo-o,84.6,784,dragon,fighting,123.7,137.8,106,1807554,16.5,1497,Dragon Tail,Clanging Scales*,Upper Hand,4,4,5,75000
Lumineon,84.6,457,water,none,109,137.4,137,2052476,32.5,1498,Gust,Aqua Tail,Silver Wind,3,4,3,50000
Persian,84.6,53,normal,none,118.6,116.3,137,1890318,36.5,1498,Scratch,Night Slash*,Power Gem,9,13,3,50000
Wartortle (Shadow),84.6,8,water,none,107.6,139.1,139,2080282,47.5,1496,Bite,Aqua Jet,Ice Beam,10,14,3,10000
Cofagrigus (Shadow),84.5,563,ghost,none,111.7,165.3,109,2013466,24.5,1500,Shadow Claw,Shadow Ball,Energy Ball,7,6,3,50000
Latias,84.5,380,dragon,psychic,124.5,138.9,104,1798959,16,1498,Dragon Breath,Aura Sphere,Mist Ball*,10,15,20,100000
Raikou,84.5,243,electric,none,132,110.6,116,1693495,16,1498,Thunder Shock,Wild Charge,Aura Sphere,5,5,20,100000
Weezing (Galarian) (Shadow),84.5,110,poison,fairy,117.7,139.5,116,1904809,24.5,1499,Fairy Wind,Sludge,Brutal Swing,5,4,3,50000
Bellibolt,84.4,939,electric,none,115.1,110.2,154,1952887,21,1500,Thunder Shock,Zap Cannon,Parabolic Charge,9,6,1,50000
Dewott,84.4,502,water,none,122.6,99.8,149,1822620,35,1496,Fury Cutter,Aqua Tail,X-Scissor,9,10,3,10000
Greninja,84.4,658,water,dark,139.6,100.4,115,1611397,21,1500,Water Shuriken,Hydro Cannon*,Brutal Swing,3,3,3,10000
Lanturn,84.4,171,water,electric,104.8,105.5,194,2145463,27,1500,Water Gun,Surf,Thunderbolt,15,19,3,50000
Mawile,84.4,303,steel,fairy,124.8,120.8,119,1793917,39,1497,Fairy Wind,Vise Grip,Iron Head,5,6,5,75000
Sandslash (Alolan),84.4,28,ice,steel,116,133.3,125,1931513,23,1499,Powder Snow,Ice Punch,Drill Run,5,5,3,50000
Skarmory,84.4,227,steel,flying,105.5,166.6,121,2126860,27,1500,Air Slash,Brave Bird,Drill Run,7,5,5,75000
Lickilicky,84.3,463,normal,none,105.7,125.6,160,2123761,23,1499,Rollout,Body Slam*,Shadow Ball,4,4,3,50000
Overqwil,84.3,904,dark,poison,131,106.9,122,1708017,18.5,1498,Poison Sting,Aqua Tail,Dark Pulse,4,5,5,75000
Piloswine,84.3,221,ice,ground,121.1,99.5,154,1854684,24,1500,Powder Snow,Icicle Spear,High Horsepower,5,7,3,50000
Politoed,84.3,186,water,none,114,124.3,139,1970072,23,1498,Mud Shot,Weather Ball (Water),Ice Beam*,4,7,3,50000
Swalot,84.3,317,poison,none,103.4,122.7,171,2169090,28.5,1498,Infestation,Sludge,Ice Beam,4,5,1,10000
Aurorus,84.2,699,rock,ice,113.5,106.3,164,1979465,20,1500,Powder Snow,Weather Ball (Ice),Meteor Beam,5,8,5,75000
Abomasnow,84,460,grass,ice,117.9,112,143,1888173,23.5,1495,Powder Snow,Weather Ball (Ice),Energy Ball,5,6,3,50000
Ludicolo,84,272,water,grass,116.5,123.7,134,1930725,24,1500,Astonish,Weather Ball (Water),Energy Ball,4,5,3,50000
Primarina,84,730,water,fairy,131.6,115.7,112,1705342,17,1500,Waterfall,Moonblast,Hydro Cannon*,5,4,3,10000
Togetic,84,176,fairy,flying,110.2,150.2,123,2035132,36.5,1498,Fairy Wind,Heat Wave,Draining Kiss,5,7,3,50000
Torkoal,84,324,fire,none,107.6,151.3,128,2083996,27,1499,Ember,Flame Wheel,Overheat,5,7,3,50000
Blastoise (Shadow),83.9,9,water,none,112.1,137.7,130,2007546,23,1500,Bite,Hydro Cannon*,Skull Bash,10,19,3,10000
Dartrix,83.9,723,grass,flying,112.5,115.5,154,2001159,36.5,1500,Peck,Brave Bird,Energy Ball,7,6,3,10000
Dragalge,83.9,691,poison,dragon,117.9,143.1,113,1906032,23.5,1500,Acid,Aqua Tail,Outrage,5,8,3,50000
Dubwool,83.9,832,normal,none,110.6,143,128,2025159,25.5,1497,Take Down,Body Slam,Wild Charge,5,5,3,10000
Ledian,83.9,166,bug,flying,101.4,162.5,134,2207885,49.5,1496,Rollout,Dynamic Punch,Acrobatics,4,5,1,10000
Hawlucha,83.8,701,fighting,flying,127.5,107.6,128,1756378,23,1497,Low Kick,Flying Press,Aerial Ace,5,6,5,75000
Persian (Shadow),83.8,53,normal,none,118.6,116.3,137,1890318,36.5,1498,Scratch,Night Slash*,Power Gem,9,13,3,50000
Rapidash (Shadow),83.8,78,fire,none,133.7,111.5,112,1669979,22.5,1499,Incinerate,Drill Run,Wild Charge*,2,3,3,50000
Throh (Shadow),83.8,538,fighting,none,110.3,107.8,171,2032228,22,1499,Low Kick,Brick Break,Body Slam,5,5,5,75000
Machamp (Shadow),83.7,68,fighting,none,135.5,98.6,124,1656376,18,1498,Karate Chop*,Cross Chop,Rock Slide,4,5,3,50000
Raichu,83.7,26,electric,none,133.6,110.6,114,1684547,25.5,1500,Volt Switch,Volt Tackle,Trailblaze,3,3,1,10000
Sandslash (Alolan) (Shadow),83.7,28,ice,steel,116,133.3,125,1931513,23,1499,Powder Snow,Ice Punch,Drill Run,5,5,3,50000
Sealeo (Shadow),83.7,364,ice,water,109,112.8,168,2065168,36,1500,Powder Snow,Surf,Body Slam,6,5,3,50000
Emolga,83.6,587,electric,flying,127.6,110.2,125,1758025,39.5,1498,Thunder Shock,Acrobatics,Discharge,7,5,1,10000
Houndoom (Shadow),83.6,229,dark,fire,139.6,97.3,118,1603024,21,1500,Incinerate,Foul Play,Trailblaze,2,3,3,50000
Runerigus,83.6,867,ground,ghost,111.7,165.3,109,2013466,24.5,1500,Shadow Claw,Shadow Ball,Rock Tomb,7,7,3,50000
Abomasnow (Shadow),83.5,460,grass,ice,117.9,112,143,1888173,23.5,1495,Powder Snow,Weather Ball (Ice),Energy Ball,5,6,3,50000
Bastiodon,83.5,411,rock,steel,80.6,247.7,139,2775875,46.5,1496,Smack Down,Stone Edge,Flamethrower,7,7,5,75000
Weezing (Galarian),83.5,110,poison,fairy,117.7,139.5,116,1904809,24.5,1499,Fairy Wind,Sludge,Brutal Swing,5,4,3,50000
Linoone,83.4,264,normal,none,114.1,111.8,154,1965124,38.5,1497,Shadow Claw,Swift,Grass Knot,5,7,1,10000
Sylveon,83.4,700,fairy,none,117.3,124.7,130,1901632,18,1498,Fairy Wind,Psyshock*,Draining Kiss,5,7,5,75000
Bronzong,83.3,437,steel,psychic,110.9,152.3,120,2026242,25,1500,Confusion,Psyshock,Bulldoze,3,4,3,50000
Diggersby (Shadow),83.3,660,normal,ground,95.7,140.3,174,2337114,47,1499,Mud Shot,Scorching Sands,Fire Punch,6,5,1,10000
Lopunny,83.3,428,normal,none,112.1,143.6,124,1996020,27.5,1499,Low Kick,Thunder Punch,Triple Axel,5,6,3,50000
Maushold,83.3,925,normal,none,116.2,122,136,1928003,28.5,1498,Take Down,Swift,Crunch,4,5,1,10000
Pangoro,83.2,675,fighting,dark,133.9,93.7,133,1669812,19,1500,Karate Chop,Close Combat,Night Slash,5,4,3,50000
Qwilfish (Shadow),83.2,211,water,poison,131.2,105.5,123,1702587,27,1497,Poison Sting,Aqua Tail,Shadow Ball,4,6,3,50000
Dragonite (Shadow),83.1,149,dragon,flying,135.8,107.3,113,1647398,14.5,1498,Dragon Breath,Thunder Punch,Superpower,10,10,5,75000
Gastrodon,83.1,423,water,ground,113.2,103.4,168,1966737,24,1495,Mud Slap,Body Slam,Earth Power,4,5,3,50000
Greedent,83.1,820,normal,none,106.9,110.7,177,2094312,23.5,1497,Bite,Body Slam,Trailblaze,10,12,1,10000
Machoke (Shadow),83.1,67,fighting,none,126.8,97.4,143,1765627,27.5,1499,Karate Chop,Cross Chop*,Dynamic Punch,4,5,3,50000
Marowak (Alolan) (Shadow),83.1,105,fire,ghost,109.6,148.9,125,2040576,31.5,1496,Fire Spin,Shadow Bone*,Bone Club,5,4,3,50000
Slurpuff,83.1,685,fairy,none,116,119.4,139,1925688,25.5,1498,Fairy Wind,Draining Kiss,Energy Ball,7,5,3,50000
Volbeat,83.1,313,bug,none,111.4,136.2,133,2018689,33.5,1500,Infestation,Lunge,Thunderbolt,4,5,3,50000
Gyarados,83,130,water,flying,130.8,108.5,121,1717312,16.5,1498,Dragon Breath,Aqua Tail*,Twister,9,10,1,10000
Mawile (Shadow),83,303,steel,fairy,124.8,120.8,119,1793917,39,1497,Fairy Wind,Vise Grip,Iron Head,5,6,5,75000
Charizard (Shadow),82.9,6,fire,flying,132.8,108.9,117,1691315,19,1498,Ember*,Blast Burn*,Air Cutter,6,5,3,10000
Latias (Shadow),82.9,380,dragon,psychic,126.8,135.2,103,1764672,15.5,1500,Dragon Breath,Aura Sphere,Mist Ball*,10,15,20,100000
Tentacruel,82.9,73,water,poison,108.9,143.5,131,2047453,23,1495,Acid,Scald,Payback,7,8,3,50000
Castform (Rainy),82.8,351,water,none,112.6,121.3,146,1993800,39.5,1500,Water Gun,Weather Ball (Water),Thunder,12,20,5,75000
Cetitan,82.8,975,ice,none,120.2,77.1,202,1870752,18,1500,Powder Snow,Icicle Spear,Superpower,5,5,3,50000
Golisopod,82.8,768,bug,water,124.1,134.7,108,1804489,17.5,1499,Shadow Claw,Aqua Jet,X-Scissor,5,5,1,10000
Machamp,82.8,68,fighting,none,135.5,98.6,124,1656376,18,1498,Karate Chop*,Cross Chop,Rock Slide,4,5,3,50000
Marowak (Alolan),82.8,105,fire,ghost,109.6,148.9,125,2040576,31.5,1496,Fire Spin,Bone Club,Shadow Bone*,4,5,3,50000
Nidoqueen,82.8,31,poison,ground,116.6,118.5,139,1920313,22.5,1498,Mud Slap,Earth Power,Poison Fang,5,4,3,50000
Quaquaval,82.8,914,water,fighting,137.7,98.6,120,1629772,18,1499,Low Kick,Close Combat,Hydro Cannon*,6,5,3,10000
Skarmory (Shadow),82.7,227,steel,flying,105.5,166.6,121,2126860,27,1500,Air Slash,Brave Bird,Drill Run,7,5,5,75000
Amoonguss,82.6,591,grass,poison,109.3,105.9,177,2049605,26.5,1498,Astonish,Grass Knot,Foul Play,5,4,3,50000
Bombirdier,82.6,962,flying,dark,127.8,117.2,117,1752237,22,1497,Sucker Punch,Fly,Drill Run,7,6,5,75000
Piloswine (Shadow),82.6,221,ice,ground,121.1,99.5,154,1854684,24,1500,Powder Snow,Icicle Spear,High Horsepower,5,7,3,50000
Poliwrath (Shadow),82.6,62,water,fighting,115.8,122,137,1936317,21.5,1500,Mud Shot,Icy Wind,Dynamic Punch,5,5,3,50000
Rapidash,82.6,78,fire,none,133.7,111.5,112,1669979,22.5,1499,Incinerate,Drill Run,Wild Charge*,2,3,3,50000
Scizor,82.6,212,bug,steel,137.9,112,105,1622257,18.5,1500,Fury Cutter,Night Slash,Trailblaze,9,12,5,75000
Ursaluna,82.6,901,ground,normal,125.6,98.7,144,1785614,14.5,1500,Scratch,Thunder Punch,High Horsepower*,10,14,3,50000
Ampharos,82.5,181,electric,none,126.8,107.9,129,1766112,19.5,1497,Volt Switch,Brutal Swing,Trailblaze,3,3,5,75000
Araquanid (Shadow),82.5,752,water,bug,97.4,174,136,2306355,32,1499,Infestation,Water Pulse,Mirror Coat,5,5,3,50000
Dewott (Shadow),82.5,502,water,none,124.1,99.8,146,1808108,35,1499,Fury Cutter,Aqua Tail,X-Scissor,9,10,3,10000
Croconaw,82.4,159,water,none,117.7,120,135,1907626,35.5,1500,Scratch,Ice Punch,Water Pulse,10,13,3,10000
Noctowl,82.4,164,normal,flying,105.3,120.2,168,2126381,28,1500,Wing Attack,Shadow Ball,Return<sup>†</sup>,7,9,1,10000
Pidgeot,82.4,18,normal,flying,116.9,115.5,142,1917898,26.5,1499,Gust*,Twister,Brave Bird,3,4,1,10000
Raichu (Alolan),82.4,26,electric,psychic,135.5,109.9,111,1653242,24,1498,Volt Switch,Volt Tackle,Psyshock,3,3,1,10000
Dodrio,82.3,85,normal,flying,143.8,98.4,110,1556601,23.5,1496,Peck,Drill Peck,Brave Bird,5,7,3,50000
Gyarados (Shadow),82.3,130,water,flying,130.8,108.5,121,1717312,16.5,1498,Dragon Breath,Aqua Tail*,Twister,9,10,1,10000
Crustle (Shadow),82.2,558,bug,rock,120.3,134.7,115,1863686,22,1499,Fury Cutter,X-Scissor,Rock Wrecker,10,13,1,10000
Starmie,82.2,121,water,psychic,133.2,122,104,1689998,21.5,1500,Psywave,Aqua Jet,Power Gem,10,13,3,50000
Blaziken (Shadow),82.1,257,fire,fighting,143.9,90.8,119,1555953,19.5,1497,Ember,Aura Sphere,Blaze Kick,5,4,3,10000
Gogoat,82.1,673,grass,none,119.7,95,165,1876484,19.5,1499,Vine Whip,Leaf Blade,Rock Slide,5,6,3,50000
Victreebel (Shadow),82.1,71,grass,poison,135.2,93.5,131,1656351,23,1498,Sucker Punch,Leaf Blade,Acid Spray,5,7,3,50000
Ampharos (Shadow),82,181,electric,none,126.8,107.9,129,1766112,19.5,1497,Volt Switch,Brutal Swing,Trailblaze,3,3,5,75000
Articuno,82,144,ice,flying,112.6,139.6,126,1981151,18.5,1496,Powder Snow,Icy Wind,Hurricane*,6,8,20,100000
Bellossom,82,182,grass,none,115.1,132.2,128,1947512,24.5,1498,Acid,Leaf Blade,Dazzling Gleam,5,7,3,50000
Grimmsnarl,82,861,dark,fairy,136.3,90.8,133,1646354,19.5,1499,Sucker Punch,Foul Play,Draining Kiss,6,8,5,50000
Gurdurr (Shadow),82,533,fighting,none,125.3,100.1,143,1794633,26,1499,Low Kick,Brick Break,Stone Edge,5,7,5,75000
Lickitung,82,108,normal,none,96.6,127.7,186,2295742,50,1491,Lick,Body Slam*,Power Whip,14,17,3,50000
Gallade (Shadow),81.9,475,psychic,fighting,136.6,115.6,104,1642368,18,1499,Psycho Cut,Leaf Blade,Sacred Sword,4,4,5,75000
Solrock,81.9,338,rock,psychic,119.1,108.6,145,1876210,24,1496,Psywave,Weather Ball (Fire),Rock Slide,9,12,3,50000
Ledian (Shadow),81.8,166,bug,flying,101.4,162.5,134,2207885,49.5,1496,Rollout,Dynamic Punch,Acrobatics,4,5,1,10000
Scizor (Shadow),81.8,212,bug,steel,137.9,112,105,1622257,18.5,1500,Fury Cutter,Night Slash,Trailblaze,9,12,5,75000
Charizard,81.7,6,fire,flying,132.8,108.9,117,1691315,19,1498,Ember*,Blast Burn*,Air Cutter,6,5,3,10000
Gurdurr,81.7,533,fighting,none,125.3,100.1,143,1794633,26,1499,Low Kick,Brick Break,Stone Edge,5,7,5,75000
Kecleon,81.7,352,normal,none,115.6,142.2,118,1939686,27.5,1499,Sucker Punch,Thunder Punch,Dynamic Punch,6,7,5,75000
Timburr,81.7,532,fighting,none,125.2,85.7,164,1759945,50,1487,Low Kick,Brick Break,Rock Tomb,5,7,5,75000
Toxtricity,81.7,849,electric,poison,141.2,95.4,118,1589592,21.5,1500,Acid,Wild Charge,Swift,6,5,5,75000
Blaziken,81.6,257,fire,fighting,143.9,90.8,119,1555953,19.5,1497,Ember,Aura Sphere,Blast Burn*,5,6,3,10000
Tinkatuff,81.6,958,fairy,steel,104.2,134.4,149,2087357,50,1477,Fairy Wind,Play Rough,Flash Cannon,7,8,3,75000
Murkrow,81.5,198,dark,flying,143.2,81.1,135,1567720,41,1499,Peck,Drill Peck,Foul Play,5,5,3,50000
Lunatone,81.4,337,rock,psychic,119.1,108.6,145,1876210,24,1496,Psywave,Weather Ball (Ice),Rock Slide,9,12,3,50000
Mightyena (Shadow),81.4,262,dark,none,125.9,105.8,133,1770707,29,1497,Sucker Punch,Crunch,Poison Fang,7,6,1,10000
Zeraora,81.4,807,electric,none,138.3,101,114,1592349,15.5,1484,Volt Switch,Plasma Fists,Dynamic Punch,3,3,20,100000
Cradily (Shadow),81.3,346,rock,grass,105.2,140.3,144,2126277,25.5,1497,Acid,Rock Tomb,Grass Knot,7,7,3,50000
Jirachi,81.3,385,steel,psychic,120.5,119.4,129,1855163,16.5,1498,Confusion,Doom Desire,Aura Sphere,3,3,20,100000
Mightyena,81.3,262,dark,none,125.9,105.8,133,1770707,29,1497,Sucker Punch,Crunch,Poison Fang,7,6,1,10000
Primeape (Shadow),81.3,57,fighting,none,138.7,100.1,116,1611459,24,1498,Karate Chop*,Rage Fist*,Ice Punch,5,5,3,50000
Starmie (Shadow),81.3,121,water,psychic,133.2,122,104,1689998,21.5,1500,Psywave,Aqua Jet,Power Gem,10,13,3,50000
Swanna,81.3,581,water,flying,128.6,101.1,134,1741978,26.5,1497,Gust,Aqua Jet,Fly,3,4,3,50000
Aurorus (Shadow),81.2,699,rock,ice,113.5,106.3,164,1979465,20,1500,Powder Snow,Weather Ball (Ice),Meteor Beam,5,8,5,75000
Claydol,81.2,344,ground,psychic,103.6,172.7,121,2164207,29,1500,Mud Slap,Rock Tomb,Shadow Ball,5,5,3,50000
Qwilfish,81.2,211,water,poison,131.2,105.5,123,1702587,27,1497,Poison Sting,Aqua Tail,Shadow Ball,4,6,3,50000
Castform,81.1,351,normal,none,112.6,121.3,146,1993800,39.5,1500,Hex,Weather Ball (Rock),Energy Ball,3,4,5,75000
Dewgong (Shadow),81.1,87,water,ice,102,136.9,157,2192411,28.5,1498,Ice Shard*,Icy Wind*,Drill Run,5,4,3,50000
Raikou (Shadow),81.1,243,electric,none,133.6,109.9,113,1659339,15.5,1489,Thunder Shock,Wild Charge,Aura Sphere,5,5,20,100000
Swanna (Shadow),81.1,581,water,flying,128.6,101.1,134,1741978,26.5,1497,Gust,Aqua Jet,Fly,3,4,3,50000
Bellossom (Shadow),81,182,grass,none,115.1,132.2,128,1947512,24.5,1498,Acid,Leaf Blade,Dazzling Gleam,5,7,3,50000
Kingambit,81,983,dark,steel,127.3,112,124,1768045,15.5,1500,Low Kick,Foul Play,Iron Head,5,7,5,75000
Klang,81,600,steel,none,114.1,137.8,125,1964847,31.5,1498,Metal Sound,Vise Grip,Thunderbolt,5,7,5,75000
Munchlax,81,446,normal,none,103.2,96.6,218,2172279,30,1499,Tackle,Body Slam,Bulldoze,14,19,5,10000
Toedscruel,81,949,ground,grass,108.9,143.5,131,2047453,23,1495,Mud Slap,Seed Bomb,Earth Power,4,5,3,50000
Amoonguss (Shadow),80.9,591,grass,poison,109.3,105.9,177,2049605,26.5,1498,Astonish,Grass Knot,Foul Play,5,4,3,50000
Arctibax,80.9,997,dragon,ice,122.9,98.6,151,1828678,27,1500,Dragon Breath,Avalanche,Dragon Claw,12,13,5,75000
Grafaiai,80.9,945,poison,normal,134.2,107.8,115,1663690,24.5,1498,Scratch,Poison Fang,Foul Play,10,10,3,50000
Pawmot,80.9,923,electric,fighting,145.1,95.5,112,1551733,21,1500,Thunder Shock,Brick Break*,Wild Charge,5,5,3,75000
Registeel (Shadow),80.9,379,steel,none,95.5,189,127,2291172,23,1481,Lock On,Flash Cannon,Focus Blast,13,15,20,100000
Teddiursa (Shadow),80.9,216,normal,none,131.5,90.5,142,1690038,49.5,1493,Scratch,Swift,Cross Chop,9,9,3,50000
Trumbeak (Shadow),80.9,732,normal,flying,133.7,94.3,132,1664964,46,1492,Peck,Drill Peck,Rock Blast,5,5,1,10000
Chesnaught,80.8,652,grass,fighting,119.4,126.9,124,1878859,19,1497,Low Kick,Frenzy Plant*,Superpower,6,5,3,10000
Dedenne,80.8,702,electric,fairy,124.4,109,133,1803653,30,1498,Thunder Shock,Discharge,Play Rough,5,7,3,50000
Hypno (Shadow),80.8,97,psychic,none,103.4,143,147,2174050,27,1500,Confusion,Thunder Punch,Ice Punch,3,3,3,50000
Pidgeot (Shadow),80.8,18,normal,flying,116.9,115.5,142,1917898,26.5,1499,Gust*,Twister,Brave Bird,3,4,1,10000
Trevenant (Shadow),80.8,709,ghost,grass,127.8,104.6,131,1752077,22,1499,Shadow Claw,Shadow Ball,Seed Bomb,7,5,5,75000
Victreebel,80.8,71,grass,poison,135.2,93.5,131,1656351,23,1498,Sucker Punch,Leaf Blade,Sludge Bomb,5,8,3,50000
Hypno,80.7,97,psychic,none,103.4,143,147,2174050,27,1500,Confusion,Shadow Ball,Thunder Punch,4,3,3,50000
Rufflet,80.7,627,normal,flying,126.7,92.2,152,1774904,46.5,1500,Peck,Brave Bird,Fly,7,6,5,75000
Uxie,80.7,480,psychic,none,102.1,176.1,122,2193759,22,1497,Confusion,Swift,Thunder,3,5,20,100000
Castform (Snowy),80.6,351,ice,none,112.6,121.3,146,1993800,39.5,1500,Powder Snow,Weather Ball (Ice),Blizzard,5,10,5,75000
Cresselia (Shadow),80.6,488,psychic,none,92,159,160,2339924,19,1467,Psycho Cut,Grass Knot*,Moonblast,6,6,20,100000
Lurantis,80.6,754,grass,none,126.2,117.9,119,1770422,23,1495,Leafage,Leaf Blade,Superpower,5,5,3,50000
Magcargo,80.6,219,fire,rock,110.9,156.4,117,2029369,36.5,1500,Ember,Rock Tomb,Overheat,6,7,1,10000
Croconaw (Shadow),80.5,159,water,none,117.7,120,135,1907626,35.5,1500,Scratch,Ice Punch,Water Pulse,10,13,3,10000
Nidoqueen (Shadow),80.5,31,poison,ground,116.6,118.5,139,1920313,22.5,1498,Mud Slap,Earth Power,Poison Fang,5,4,3,50000
Ursaluna (Shadow),80.5,901,ground,normal,125.6,98.7,144,1785614,14.5,1500,Scratch,Thunder Punch,High Horsepower*,10,14,3,50000
Venusaur,80.5,3,grass,poison,122.2,122.2,123,1835969,20.5,1500,Vine Whip,Frenzy Plant*,Sludge,6,5,3,10000
Ariados,80.4,168,bug,poison,124.2,103.9,140,1806211,33.5,1497,Poison Sting,Lunge,Foul Play,5,5,1,10000
Timburr (Shadow),80.4,532,fighting,none,125.2,85.7,164,1759945,50,1487,Low Kick,Brick Break,Rock Tomb,5,7,5,75000
Zapdos (Shadow),80.4,145,electric,flying,138.1,103.5,112,1601039,15,1489,Thunder Shock*,Drill Peck,Heat Wave,5,5,20,100000
Gallade,80.3,475,psychic,fighting,136.6,115.6,104,1642368,18,1499,Psycho Cut,Leaf Blade,Sacred Sword,4,4,5,75000
Samurott (Hisuian),80.3,503,water,dark,132.6,96.8,132,1694230,20,1499,Fury Cutter,Sacred Sword,Dark Pulse,9,12,3,10000
Scrafty,80.3,560,dark,fighting,110.4,156.7,117,2024611,24.5,1495,Counter,Foul Play,Upper Hand,7,7,3,50000
Amaura (Shadow),80.2,698,rock,ice,114.3,104.2,165,1964777,50,1500,Powder Snow,Weather Ball (Ice),Thunderbolt,5,7,5,75000
Conkeldurr (Shadow),80.2,534,fighting,none,134,93.9,133,1673445,16.5,1500,Force Palm,Dynamic Punch,Brutal Swing*,5,4,5,75000
Aipom,80.1,190,normal,none,124.4,106.7,135,1791711,50,1494,Scratch,Swift,Aerial Ace,9,12,3,50000
Aipom (Shadow),80.1,190,normal,none,124.4,106.7,135,1791711,50,1494,Scratch,Swift,Aerial Ace,9,12,3,50000
Conkeldurr,80.1,534,fighting,none,134,93.9,133,1673445,16.5,1500,Force Palm,Dynamic Punch,Brutal Swing*,5,4,5,75000
Lokix,80.1,920,bug,dark,132.9,104.1,122,1686502,24,1499,Sucker Punch,X-Scissor,Trailblaze,6,7,1,50000
Mamoswine (Shadow),80.1,473,ice,ground,136.2,87.4,138,1642085,16.5,1500,Powder Snow,Icicle Spear,High Horsepower,5,7,3,50000
Persian (Alolan),80.1,53,dark,none,122.4,112.6,133,1833307,34,1498,Scratch,Foul Play,Play Rough,10,15,3,50000
Urshifu (Single Strike),80.1,892,fighting,dark,136.6,97.8,121,1616195,15,1489,Sucker Punch,Brick Break,Dynamic Punch,6,7,20,100000
Zapdos,80.1,145,electric,flying,135.7,104.7,115,1633229,15.5,1493,Thunder Shock*,Drill Peck,Heat Wave,5,5,20,100000
Genesect,80,649,bug,steel,141.1,111.7,100,1575465,16,1498,Fury Cutter,X-Scissor,Magnet Bomb,10,10,20,100000
Nidorina,80,30,poison,none,110.9,113.4,157,1975496,50,1480,Poison Sting,Poison Fang,Thunderbolt,5,7,3,50000
Teddiursa,80,216,normal,none,131.5,90.5,142,1690038,49.5,1493,Scratch,Swift,Cross Chop,9,9,3,50000
Gliscor,79.9,472,ground,flying,115.7,144.5,116,1938911,21,1499,Wing Attack,Night Slash,Acrobatics,5,7,5,75000
Marshtomp (Shadow),79.9,259,water,ground,120.4,111.4,139,1864979,33.5,1500,Mud Shot,Surf,Sludge,5,5,3,10000
Meganium,79.9,154,grass,none,110.8,139,131,2018472,23,1497,Vine Whip,Frenzy Plant*,Earthquake,6,9,3,10000
Mew,79.9,151,psychic,none,120.5,119.4,129,1855163,16.5,1498,Shadow Claw,Wild Charge,Psyshock,6,5,20,100000
Ursaring (Shadow),79.9,217,normal,none,139.6,91.4,126,1607158,18.5,1500,Shadow Claw,Close Combat,Swift,6,5,3,50000
Centiskorch,79.8,851,fire,bug,128.7,99.4,136,1739873,18.5,1500,Ember,Lunge,Heat Wave,5,5,5,75000
Cetoddle,79.8,974,ice,none,112.6,79.8,213,1914594,50,1469,Powder Snow,Avalanche,Body Slam,6,5,3,50000
Tentacruel (Shadow),79.8,73,water,poison,108.9,143.5,131,2047453,23,1495,Acid,Scald,Payback,7,8,3,50000
Trumbeak,79.8,732,normal,flying,134.1,93.3,134,1675846,48.5,1499,Peck,Drill Peck,Rock Blast,5,5,1,10000
Vespiquen,79.8,416,bug,flying,108.9,143.5,132,2061993,28,1499,Fury Cutter,X-Scissor,Power Gem,10,13,3,50000
Arbok,79.7,24,poison,none,123.7,120.1,122,1813613,29,1499,Acid,Brutal Swing,Wrap,5,6,3,50000
Arbok (Shadow),79.7,24,poison,none,123.7,120.1,122,1813613,29,1499,Acid,Brutal Swing,Wrap,5,6,3,50000
Chesnaught (Shadow),79.7,652,grass,fighting,119.4,126.9,124,1878859,19,1497,Low Kick,Frenzy Plant*,Superpower,6,5,3,10000
Drampa,79.7,780,normal,dragon,136.8,104.2,115,1640140,19,1499,Dragon Breath,Swift,Dragon Pulse,9,14,5,75000
Houndoom,79.7,229,dark,fire,139.6,97.3,118,1603024,21,1500,Incinerate,Foul Play,Trailblaze,2,3,3,50000
Orbeetle,79.7,826,bug,psychic,107.9,168.6,114,2075077,25.5,1496,Psycho Cut,Psyshock,Bug Buzz,5,7,1,10000
Regirock,79.7,377,rock,none,104.5,179.9,114,2143693,17.5,1500,Lock On,Stone Edge,Focus Blast,11,15,20,100000
Servine,79.7,496,grass,none,105.9,140.3,142,2109814,50,1494,Vine Whip,Grass Knot,Wrap,7,6,3,10000
Trevenant,79.7,709,ghost,grass,127.8,104.6,131,1752077,22,1499,Shadow Claw,Seed Bomb,Shadow Ball,5,7,5,75000
Whiscash,79.7,340,water,ground,107.6,108.3,178,2073839,27,1495,Mud Shot,Mud Bomb,Scald,5,6,1,10000
Armarouge,79.6,936,fire,psychic,132.2,109.6,117,1695222,17,1499,Incinerate,Psyshock,Heat Wave,2,3,5,50000
Coalossal,79.6,839,rock,fire,98.2,139.4,167,2285184,24,1500,Fire Spin,Rock Slide,Flame Charge,5,5,3,10000
Dragonite,79.6,149,dragon,flying,135.8,107.3,113,1647398,14.5,1498,Dragon Breath,Thunder Punch,Superpower,10,10,5,75000
Electivire (Shadow),79.6,466,electric,none,143.4,100.9,108,1562263,18,1498,Thunder Shock,Ice Punch,Wild Charge,5,5,5,75000
Oinkologne,79.6,916,normal,none,117.7,101.6,159,1900828,21.5,1496,Take Down,Body Slam,Trailblaze,5,5,1,10000
Skuntank,79.6,435,poison,dark,121.7,95.2,158,1831135,23.5,1493,Poison Jab,Crunch,Trailblaze,7,7,3,50000
Whimsicott,79.6,547,grass,fairy,118.8,135,118,1892000,28,1499,Fairy Wind,Seed Bomb,Moonblast,5,6,1,10000
Heracross,79.5,214,bug,fighting,134.7,108.4,114,1664501,17.5,1500,Fury Cutter,Upper Hand,Rock Tomb,10,13,3,50000
Palkia (Shadow),79.5,484,water,dragon,140.4,110,100,1543554,13.5,1473,Dragon Breath,Aqua Tail,Draco Meteor,9,17,20,100000
Typhlosion (Shadow),79.5,157,fire,none,132.8,108.9,117,1691315,19,1498,Incinerate,Blast Burn*,Thunder Punch,3,2,3,10000
Magnemite (Shadow),79.4,81,electric,steel,147.8,113.6,90,1511610,49,1496,Volt Switch,Magnet Bomb,Discharge,3,3,3,50000
Raticate (Alolan),79.4,20,dark,normal,107.1,130.2,150,2090786,36.5,1497,Bite,Crunch,Return<sup>†</sup>,12,18,1,10000
Drifblim (Shadow),79.3,426,ghost,flying,119.2,75.8,209,1886853,23.5,1500,Astonish,Icy Wind,Shadow Ball,5,5,5,75000
Fletchinder (Shadow),79.3,662,fire,flying,123.3,102.6,143,1810501,47.5,1495,Peck,Fly,Heat Wave,6,6,1,10000
Gliscor (Shadow),79.3,472,ground,flying,115.7,144.5,116,1938911,21,1499,Wing Attack,Night Slash,Acrobatics,5,7,5,75000
Serperior,79.3,497,grass,none,110.2,142.3,130,2038328,25,1500,Vine Whip,Frenzy Plant*,Aerial Ace,6,6,3,10000
Dudunsparce,79.2,982,normal,none,116.1,98.6,169,1934787,20.5,1500,Bite,Drill Run,Body Slam,10,10,3,50000
Froslass,79.2,478,ice,ghost,122.6,114.9,130,1831027,27.5,1499,Powder Snow,Avalanche,Shadow Ball,6,7,3,50000
Salamence (Shadow),79.2,373,dragon,flying,143.5,93.1,117,1562473,14.5,1497,Dragon Tail,Fly,Brutal Swing,4,3,5,75000
Slowbro,79.2,80,water,psychic,113.4,120.9,144,1974848,22,1500,Confusion,Drain Punch,Ice Beam,3,4,3,50000
Wailmer,79.2,320,water,none,116.6,68.3,242,1926826,48.5,1499,Rollout,Scald,Body Slam,4,4,1,10000
Fletchinder,79.1,662,fire,flying,123.3,102.6,143,1810501,47.5,1495,Peck,Fly,Heat Wave,6,6,1,10000
Golbat,79.1,42,poison,flying,117.7,116.2,139,1901391,28.5,1499,Wing Attack,Poison Fang,Shadow Ball,5,7,1,10000
Hippopotas,79.1,449,ground,none,115.1,111.8,152,1955620,50,1500,Sand Attack,Rock Tomb,Dig,13,13,3,50000
Hitmonlee (Shadow),79.1,106,fighting,none,141.8,118.9,94,1585670,21.5,1500,Low Kick,Blaze Kick,Brick Break*,5,5,5,75000
Latios,79.1,381,dragon,psychic,139.4,112.9,102,1605573,14.5,1497,Dragon Breath,Aura Sphere,Luster Purge*,10,15,20,100000
Lileep,79.1,345,rock,grass,100.8,138.6,151,2111110,50,1460,Acid,Grass Knot,Ancient Power,7,6,3,50000
Drifblim,79,426,ghost,flying,119.2,75.8,209,1886853,23.5,1500,Hex,Icy Wind,Shadow Ball,4,4,5,75000
Primeape,79,57,fighting,none,138.7,100.1,116,1611459,24,1498,Karate Chop*,Rage Fist*,Ice Punch,5,5,3,50000
Decidueye (Hisuian),78.9,724,grass,fighting,126.9,109.5,127,1764738,19,1499,Psycho Cut,Energy Ball,Aura Sphere,5,5,3,10000
Kangaskhan,78.9,115,normal,none,114.6,110.9,153,1943857,21.5,1495,Low Kick,Brick Break*,Crunch,5,6,3,50000
Amaura,78.8,698,rock,ice,114.3,104.2,165,1964777,50,1500,Powder Snow,Weather Ball (Ice),Thunderbolt,5,7,5,75000
Golurk (Shadow),78.8,623,ground,ghost,133.3,98.5,128,1681024,19.5,1500,Mud Slap,Shadow Punch,Dynamic Punch,4,5,5,75000
Whiscash (Shadow),78.8,340,water,ground,107.6,108.3,178,2073839,27,1495,Mud Shot,Mud Bomb,Scald,5,6,1,10000
Magneton (Shadow),78.7,82,electric,steel,143.5,114.7,95,1562951,22,1499,Thunder Shock,Discharge,Magnet Bomb,5,5,3,50000
Pawniard,78.7,624,dark,steel,132,107.8,119,1692305,49,1497,Fury Cutter,Night Slash,Iron Head,9,13,5,75000
Farfetch'd (Galarian),78.6,83,fighting,none,137.6,99.7,119,1633523,37,1499,Fury Cutter,Leaf Blade,Brick Break,9,10,3,50000
Hariyama (Shadow),78.6,297,fighting,none,125.6,76.1,186,1778366,19.5,1496,Force Palm,Upper Hand,Heavy Slam,4,5,3,50000
Shiinotic,78.6,756,grass,fairy,116.6,134.3,123,1925196,31,1499,Astonish,Moonblast,Seed Bomb,5,4,3,50000
Spinda,78.6,327,normal,none,110.1,110.1,142,1720678,50,1380,Sucker Punch,Icy Wind,Rock Tomb,7,8,3,50000
Typhlosion,78.6,157,fire,none,132.8,108.9,117,1691315,19,1498,Incinerate,Blast Burn*,Thunder Punch,3,2,3,10000
Ursaring,78.6,217,normal,none,139.6,91.4,126,1607158,18.5,1500,Shadow Claw,Close Combat,Swift,6,5,3,50000
Claydol (Shadow),78.5,344,ground,psychic,103.6,172.7,121,2164207,29,1500,Mud Slap,Rock Tomb,Shadow Ball,5,5,3,50000
Drilbur (Shadow),78.5,529,ground,none,139.5,81.5,142,1614496,50,1500,Scratch,Drill Run,Rock Tomb,10,13,3,50000
Girafarig (Shadow),78.5,203,normal,psychic,130.3,101.6,130,1720655,27.5,1499,Confusion,Psychic Fangs,Trailblaze,3,4,3,50000
Latios (Shadow),78.5,381,dragon,psychic,140.5,113,99,1570884,14,1488,Dragon Breath,Aura Sphere,Luster Purge*,10,15,20,100000
Venusaur (Shadow),78.5,3,grass,poison,122.2,122.2,123,1835969,20.5,1500,Vine Whip,Frenzy Plant*,Sludge,6,5,3,10000
Victini,78.5,494,psychic,fire,120.5,119.4,129,1855163,16.5,1498,Confusion,V-Create,Psyshock,3,3,20,100000
Vikavolt (Shadow),78.5,738,bug,electric,144.2,96.7,111,1547210,17.5,1494,Volt Switch*,X-Scissor,Discharge,3,3,1,10000
Audino,78.4,531,normal,none,92.7,137.9,190,2428140,38,1500,Charge Beam,Body Slam*,Disarming Voice,4,5,3,50000
Electrode,78.4,101,electric,none,122.9,126.3,118,1831578,27,1500,Volt Switch,Discharge,Foul Play,3,3,3,50000
Electrode (Shadow),78.4,101,electric,none,122.9,126.3,118,1831578,27,1500,Volt Switch,Discharge,Foul Play,3,3,3,50000
Slowking (Galarian),78.4,199,poison,psychic,117.3,117.9,138,1909734,20.5,1499,Acid,Psyshock,Shadow Ball,5,7,3,50000
Crobat,78.3,169,poison,flying,121.2,118.1,129,1847304,21,1500,Gust,Air Cutter,Poison Fang,3,3,1,10000
Illumise,78.3,314,bug,none,111.4,136.2,133,2018689,33.5,1500,Infestation,Silver Wind,Shadow Ball,4,5,3,50000
Nidoking,78.3,34,poison,ground,129.5,105.3,127,1731199,21.5,1500,Poison Sting,Avalanche,Earth Power,5,6,3,50000
Nidorina (Shadow),78.3,30,poison,none,110.9,113.4,157,1975496,50,1480,Poison Sting,Poison Fang,Dig,5,6,3,50000
Squawkabilly,78.3,931,normal,flying,133.6,84.8,147,1665931,28,1492,Peck,Brave Bird,Fly,7,6,3,75000
Wailord,78.3,321,water,none,118.4,67.4,237,1891875,24.5,1497,Rollout,Surf,Return<sup>†</sup>,4,6,1,10000
Wobbuffet,78.3,202,psychic,none,63,101.7,333,2133829,50,1160,Counter,Mirror Coat,Return<sup>†</sup>,9,12,3,50000
Golbat (Shadow),78.2,42,poison,flying,117.7,116.2,139,1901391,28.5,1499,Wing Attack,Poison Fang,Shadow Ball,5,7,1,10000
Probopass,78.2,476,rock,steel,96,203.2,119,2320251,27.5,1492,Rock Throw,Rock Slide,Magnet Bomb,9,8,3,50000
Thundurus (Incarnate) (Shadow),78.2,642,electric,flying,148.1,95.5,107,1513826,16.5,1500,Thunder Shock,Thunder Punch,Brick Break,5,5,20,100000
Toxicroak,78.2,454,poison,fighting,136.2,93.8,129,1648115,22.5,1499,Poison Sting,Dynamic Punch,Shadow Ball,5,6,3,50000
Vullaby,78.2,629,dark,flying,100.8,129.4,157,2048662,50,1437,Feint Attack,Brave Bird,Foul Play,10,7,5,75000
Hitmonlee,78.1,106,fighting,none,141.8,118.9,94,1585670,21.5,1500,Low Kick,Blaze Kick,Brick Break*,5,5,5,75000
Mamoswine,78.1,473,ice,ground,136.2,87.4,138,1642085,16.5,1500,Powder Snow,Icicle Spear,High Horsepower,5,7,3,50000
Galvantula,78,596,bug,electric,138.3,96.5,122,1627493,25.5,1500,Volt Switch,Discharge,Lunge,3,3,3,50000
Kartana,78,798,grass,steel,169.2,99.3,79,1327757,15,1500,Fury Cutter,Leaf Blade,Sacred Sword,9,9,20,100000
Lucario,78,448,fighting,steel,145.8,93.7,113,1544133,20.5,1500,Force Palm*,Aura Sphere,Shadow Ball,4,5,5,75000
Magnezone,78,462,electric,steel,134.4,121.2,102,1661074,17,1497,Volt Switch,Wild Charge,Mirror Shot,3,3,3,50000
Electivire,77.9,466,electric,none,143.4,100.9,108,1562263,18,1498,Thunder Shock,Ice Punch,Wild Charge,5,5,5,75000
Pumpkaboo (Super),77.9,710,ghost,grass,111.8,113.4,141,1787612,50,1414,Astonish,Grass Knot,Foul Play,5,4,5,75000
Shiinotic (Shadow),77.9,756,grass,fairy,116.6,134.3,123,1925196,31,1499,Astonish,Moonblast,Seed Bomb,5,4,3,50000
Tapu Fini,77.9,788,water,fairy,115.9,158.3,105,1926493,20,1495,Water Gun,Surf,Nature's Madness*,15,17,20,100000
Dhelmise,77.8,781,ghost,grass,139.8,109.3,105,1604674,20,1498,Shadow Claw,Power Whip,Brutal Swing,7,5,5,50000
Farfetch'd,77.8,83,normal,flying,116.8,109.2,131,1671469,50,1397,Fury Cutter,Leaf Blade,Aerial Ace,9,12,3,50000
Flygon,77.8,330,ground,dragon,127.9,109.6,125,1752409,21,1500,Dragon Tail,Sand Tomb,Twister,4,4,5,75000
Furfrou,77.8,676,normal,none,115.5,125.2,134,1937601,26.5,1496,Take Down,Dark Pulse,Grass Knot,5,6,5,75000
Hariyama,77.8,297,fighting,none,125.6,76.1,186,1778366,19.5,1496,Force Palm,Upper Hand,Heavy Slam,4,5,3,50000
Sandshrew (Alolan) (Shadow),77.8,27,ice,steel,117.6,121,127,1807853,50,1462,Powder Snow,Night Slash,Gyro Ball,5,7,3,50000
Barbaracle,77.7,689,rock,water,121,133.1,115,1851007,20.5,1499,Fury Cutter,Cross Chop,Stone Edge,9,14,3,50000
Girafarig,77.7,203,normal,psychic,130.3,101.6,130,1720655,27.5,1499,Confusion,Psychic Fangs,Trailblaze,3,4,3,50000
Naclstack,77.7,933,rock,none,100.8,147.1,142,2105603,50,1461,Mud Shot,Rock Tomb,Rock Blast,6,5,5,50000
Slowbro (Shadow),77.7,80,water,psychic,113.4,120.9,144,1974848,22,1500,Confusion,Drain Punch,Ice Beam,3,4,3,50000
Tropius,77.7,357,grass,flying,101.4,128.1,170,2208146,29,1498,Air Slash,Leaf Blade,Brutal Swing,4,4,5,75000
Aerodactyl (Shadow),77.6,142,rock,flying,134.4,103.4,120,1667018,20,1497,Dragon Breath,Rock Slide,Brutal Swing,12,9,5,75000
Glalie,77.6,362,ice,none,115.2,120.8,140,1948427,27,1499,Rollout,Avalanche,Shadow Ball,4,4,3,50000
Machoke,77.6,67,fighting,none,126.8,97.4,143,1765627,27.5,1499,Karate Chop,Cross Chop*,Return<sup>†</sup>,4,8,3,50000
Nidoking (Shadow),77.6,34,poison,ground,129.5,105.3,127,1731199,21.5,1500,Poison Sting,Avalanche,Earth Power,5,6,3,50000
Mismagius,77.5,429,ghost,none,131.6,123.7,104,1692580,21,1493,Psywave,Shadow Ball,Mystical Fire,13,12,3,50000
Salazzle,77.5,758,poison,fire,147,91.2,114,1529161,22.5,1499,Incinerate,Poison Fang,Dragon Pulse,2,3,3,50000
Servine (Shadow),77.5,496,grass,none,105.9,140.3,142,2109814,50,1494,Vine Whip,Grass Knot,Wrap,7,6,3,10000
Skeledirge,77.5,911,fire,ghost,121.2,109.7,139,1849333,18.5,1500,Incinerate,Torch Song,Shadow Ball,3,3,3,10000
Toxicroak (Shadow),77.5,454,poison,fighting,136.2,93.8,129,1648115,22.5,1499,Poison Sting,Dynamic Punch,Shadow Ball,5,6,3,50000
Golurk,77.4,623,ground,ghost,133.3,98.5,128,1681024,19.5,1500,Mud Slap,Shadow Punch,Dynamic Punch,4,5,5,75000
Lampent (Shadow),77.4,608,ghost,fire,132.5,99,129,1692369,35,1500,Ember,Heat Wave,Energy Ball,5,5,5,75000
Magneton,77.4,82,electric,steel,143.5,114.7,95,1562951,22,1499,Volt Switch,Magnet Bomb,Discharge,3,3,3,50000
Bruxish,77.3,779,water,psychic,136.5,102.5,117,1636557,23,1495,Confusion,Aqua Tail,Psychic Fangs,3,3,3,50000
Crobat (Shadow),77.3,169,poison,flying,121.2,118.1,129,1847304,21,1500,Gust,Air Cutter,Poison Fang,3,3,1,10000
Delphox,77.3,655,fire,psychic,132.6,115.6,110,1686664,18,1499,Scratch,Psyshock,Blast Burn*,10,13,3,10000
Incineroar,77.3,727,fire,dark,125.3,109.2,131,1791290,18.5,1497,Fire Fang,Brutal Swing,Blast Burn*,6,9,3,10000
Machop (Shadow),77.3,66,fighting,none,127.7,81.5,157,1634495,50,1445,Karate Chop,Cross Chop,Brick Break,4,5,3,50000
Magnezone (Shadow),77.3,462,electric,steel,134.4,121.2,102,1661074,17,1497,Volt Switch,Wild Charge,Mirror Shot,3,3,3,50000
Sceptile (Shadow),77.3,254,grass,none,135.6,109.3,111,1645623,20,1498,Fury Cutter,Leaf Blade,Breaking Swipe,9,13,3,10000
Zygarde (50% Forme),77.3,718,dragon,ground,114.1,128.3,133,1947950,15.5,1494,Dragon Tail,Crunch,Bulldoze,4,5,20,100000
Blacephalon,77.2,806,fire,ghost,173.6,88.4,84,1290131,16.5,1497,Incinerate,Mind Blown*,Shadow Ball,2,3,20,100000
Gengar (Shadow),77.2,94,ghost,poison,154.3,95.5,98,1444036,19,1495,Shadow Claw,Shadow Punch*,Dark Pulse*,5,6,3,50000
Wailmer (Shadow),77.1,320,water,none,116.6,68.3,242,1926826,48.5,1499,Rollout,Scald,Body Slam,4,4,1,10000
Sawk (Shadow),77,539,fighting,none,140.4,97.4,117,1599454,20,1499,Low Kick,Brick Break,Body Slam,5,5,5,75000
Flygon (Shadow),76.9,330,ground,dragon,127.9,109.6,125,1752409,21,1500,Dragon Tail,Sand Tomb,Twister,4,4,5,75000
Meowscarada,76.9,908,grass,dark,140.4,99.1,115,1600011,19.5,1498,Leafage,Frenzy Plant*,Night Slash,6,5,3,10000
Sandshrew (Alolan),76.9,27,ice,steel,117.6,121,127,1807853,50,1462,Powder Snow,Night Slash,Gyro Ball,5,7,3,50000
Zapdos (Galarian),76.9,145,fighting,flying,135.7,107.3,113,1645148,15.5,1498,Low Kick,Fly,Close Combat,6,6,20,100000
Garganacl,76.8,934,rock,none,105.8,137.3,145,2107121,20.5,1494,Mud Shot,Rock Tomb,Rock Blast,6,5,5,50000
Lileep (Shadow),76.8,345,rock,grass,100.8,138.6,151,2111110,50,1460,Acid,Grass Knot,Ancient Power,7,6,3,50000
Skuntank (Shadow),76.8,435,poison,dark,121.7,95.2,158,1831135,23.5,1493,Poison Jab,Crunch,Trailblaze,7,7,3,50000
Camerupt,76.7,323,fire,ground,133.6,100.5,125,1678150,25.5,1499,Incinerate,Earth Power,Rock Tomb,3,3,3,50000
Machop,76.7,66,fighting,none,127.7,81.5,157,1634495,50,1445,Karate Chop,Cross Chop,Brick Break,4,5,3,50000
Quaxwell,76.7,913,water,none,125.4,103.5,138,1792214,34,1500,Wing Attack,Aqua Jet,Aerial Ace,5,6,3,10000
Sandslash,76.7,28,ground,none,120.5,123,125,1852528,23.5,1497,Sand Attack,Night Slash*,Rock Tomb,9,13,3,50000
Dachsbun,76.6,927,fairy,none,113.5,156.1,112,1983841,26.5,1500,Charm,Psychic Fangs,Play Rough,5,8,3,50000
Magnemite,76.6,81,electric,steel,147.8,113.6,90,1511610,49,1496,Volt Switch,Magnet Bomb,Discharge,3,3,3,50000
Perrserker,76.6,863,steel,none,128.8,113.4,119,1737649,23,1500,Shadow Claw,Close Combat,Trailblaze,6,6,3,50000
Roserade,76.6,407,grass,poison,141.9,114.3,97,1574006,18.5,1499,Poison Sting,Weather Ball (Fire)*,Leaf Storm,4,7,3,50000
Xatu (Shadow),76.6,178,psychic,flying,132.2,107.9,119,1698214,25.5,1500,Peck,Psyshock,Aerial Ace,5,6,3,50000
Ferrothorn,76.5,598,grass,steel,107.1,152.7,128,2094247,24.5,1499,Bullet Seed,Power Whip,Thunder,4,5,3,75000
Froslass (Shadow),76.5,478,ice,ghost,122.6,114.9,130,1831027,27.5,1499,Powder Snow,Avalanche,Shadow Ball,6,7,3,50000
Grimer,76.5,88,poison,none,121,88.2,172,1836323,50,1491,Poison Jab,Sludge,Mud Bomb,6,7,3,50000
Muk,76.5,89,poison,none,115.9,111.7,148,1916176,20,1491,Poison Jab,Thunder Punch,Dark Pulse,6,7,3,50000
Vikavolt,76.5,738,bug,electric,144.2,96.7,111,1547210,17.5,1494,Volt Switch*,X-Scissor,Fly,3,3,1,10000
Bastiodon (Shadow),76.4,411,rock,steel,80.6,247.7,139,2775875,46.5,1496,Smack Down,Stone Edge,Flamethrower,7,7,5,75000
Drilbur,76.4,529,ground,none,139.5,81.5,142,1614496,50,1500,Scratch,Drill Run,Rock Tomb,10,13,3,50000
Frillish,76.4,592,water,ghost,109.2,125.2,135,1846427,50,1421,Hex,Night Shade,Ice Beam,4,5,3,50000
Pancham,76.4,674,fighting,none,123.3,99.3,149,1825612,47.5,1500,Low Kick,Crunch,Body Slam,6,5,3,50000
Sirfetch'd,76.3,865,fighting,none,144.8,108,99,1548382,18.5,1500,Fury Cutter,Leaf Blade,Close Combat,9,12,3,50000
Excadrill (Shadow),76.2,530,ground,steel,142.7,78.8,140,1573041,17,1500,Mud Shot,Drill Run,Rock Slide,5,5,3,50000
Hippopotas (Shadow),76.2,449,ground,none,115.1,111.8,152,1955620,50,1500,Sand Attack,Rock Tomb,Dig,13,13,3,50000
Marshtomp,76.2,259,water,ground,119.9,111.5,140,1871384,34.5,1499,Mud Shot,Surf,Mud Bomb,5,5,3,10000
Pumpkaboo (Large),76.2,710,ghost,grass,113.4,115.1,133,1736900,50,1406,Astonish,Grass Knot,Foul Play,5,4,5,75000
Quilladin,76.2,651,grass,none,115,130.2,130,1946835,35,1497,Low Kick,Energy Ball,Body Slam,6,5,3,10000
Barraskewda,76.1,847,water,none,159.7,85.3,103,1402548,20.5,1499,Peck,Aqua Jet,Close Combat,5,6,3,50000
Kabutops (Shadow),76.1,141,rock,water,135.5,119.8,102,1654897,20.5,1498,Fury Cutter*,Aqua Jet,Stone Edge,10,14,5,75000
Sceptile,76.1,254,grass,none,135.6,109.3,111,1645623,20,1498,Fury Cutter,Leaf Blade,Breaking Swipe,9,13,3,10000
Togedemaru,76.1,777,electric,steel,132.2,107.3,120,1701782,25.5,1500,Thunder Shock,Fell Stinger,Wild Charge,4,5,3,50000
Zoroark (Hisuian),76.1,571,normal,ghost,163.4,87.5,96,1373550,21,1499,Shadow Claw,Swift,Shadow Ball,5,7,5,75000
Garchomp,76,445,dragon,ground,132.5,101.5,126,1693583,14,1500,Dragon Tail,Twister,Sand Tomb,4,4,5,75000
Honchkrow,76,430,dark,flying,150,68.9,145,1499623,20.5,1500,Peck,Brave Bird,Dark Pulse,7,6,3,50000
Relicanth,76,369,water,rock,105.2,133.7,152,2137627,22.5,1499,Water Gun,Aqua Tail,Ancient Power,12,15,5,75000
Salamence,76,373,dragon,flying,143.5,93.1,117,1562473,14.5,1497,Dragon Tail,Fly,Brutal Swing,4,3,5,75000
Passimian,75.9,766,fighting,none,128.7,99.2,136,1735373,18,1494,Counter,Brutal Swing,Superpower,6,7,3,75000
Torterra,75.9,389,grass,ground,119.9,117,133,1867141,19,1498,Mud Slap,Frenzy Plant*,Sand Tomb,5,5,3,10000
Lampent,75.8,608,ghost,fire,132.5,99,129,1692369,35,1500,Ember,Heat Wave,Energy Ball,5,5,5,75000
Druddigon,75.7,621,dragon,none,131.2,111.3,117,1708917,20.5,1499,Dragon Tail,Night Slash,Rock Tomb,3,5,5,75000
Leavanny,75.7,542,bug,grass,129.5,110.3,121,1727030,21.5,1497,Shadow Claw*,Leaf Blade,X-Scissor,5,5,1,10000
Lugia (Shadow),75.7,249,psychic,flying,104.3,164.3,124,2124734,14.5,1492,Dragon Tail,Fly,Earth Power,4,5,20,100000
Noctowl (Shadow),75.7,164,normal,flying,105.3,120.2,168,2126381,28,1500,Wing Attack,Sky Attack,Shadow Ball,7,7,1,10000
Probopass (Shadow),75.7,476,rock,steel,97.4,199,119,2305417,27.5,1498,Rock Throw,Rock Slide,Magnet Bomb,9,8,3,50000
Scolipede,75.7,545,bug,poison,131.8,120.4,107,1697847,22.5,1496,Poison Sting,Aqua Tail,Megahorn,4,7,1,10000
Vaporeon,75.7,134,water,none,118.5,96.9,165,1894159,18,1500,Water Gun,Aqua Tail,Last Resort*,12,19,5,75000
Aerodactyl,75.6,142,rock,flying,134.4,103.4,120,1667018,20,1497,Dragon Breath,Rock Slide,Brutal Swing,12,9,5,75000
Articuno (Shadow),75.6,144,ice,flying,115.1,136.9,123,1938647,17.5,1496,Powder Snow,Triple Axel,Hurricane*,6,8,20,100000
Beedrill (Shadow),75.6,15,bug,poison,127.1,106.5,130,1760459,30.5,1500,Poison Sting,X-Scissor,Drill Run*,5,5,1,10000
Bewear (Shadow),75.6,760,normal,fighting,129.6,87.2,153,1729276,17.5,1497,Low Kick,Superpower,Stomp,5,5,1,10000
Galvantula (Shadow),75.6,596,bug,electric,138.3,96.5,122,1627493,25.5,1500,Volt Switch,Discharge,Lunge,3,3,3,50000
Larvesta,75.6,636,bug,fire,130.8,99.8,131,1710210,45.5,1499,Ember,Flame Wheel,Bug Buzz,5,7,5,75000
Quilladin (Shadow),75.6,651,grass,none,115,130.2,130,1946835,35,1497,Low Kick,Energy Ball,Body Slam,6,5,3,10000
Rapidash (Galarian),75.6,78,psychic,fairy,133.7,111.5,112,1669979,22.5,1499,Fairy Wind,Body Slam,Wild Charge*,5,5,3,50000
Ferrothorn (Shadow),75.5,598,grass,steel,107.1,152.7,128,2094247,24.5,1499,Bullet Seed,Power Whip,Thunder,4,5,3,75000
Slowbro (Galarian),75.5,80,poison,psychic,119.1,108.4,146,1884537,22.5,1500,Confusion,Drain Punch,Sludge Bomb,3,4,3,50000
Thundurus (Incarnate),75.5,642,electric,flying,148.1,95.5,107,1513826,16.5,1500,Thunder Shock,Thunder Punch,Brick Break,5,5,20,100000
Avalugg (Hisuian),75.4,713,ice,rock,116.5,135.2,122,1921301,16,1498,Powder Snow,Rock Slide,Icy Wind,6,6,3,50000
Delphox (Shadow),75.4,655,fire,psychic,132.6,115.6,110,1686664,18,1499,Scratch,Psyshock,Blast Burn*,10,13,3,10000
Grimer (Alolan),75.4,88,poison,dark,122.8,86.9,171,1824029,49,1497,Poison Jab,Crunch,Sludge Bomb,7,8,3,50000
Dipplin,75.3,1011,grass,dragon,114.6,128.9,132,1949793,23.5,1499,Dragon Tail,Seed Bomb,Outrage,4,5,5,75000
Gabite,75.3,444,dragon,ground,128.8,102.4,132,1741329,30,1499,Mud Shot,Twister,Dig,5,6,5,75000
Garchomp (Shadow),75.3,445,dragon,ground,132.5,101.5,126,1693583,14,1500,Dragon Tail,Twister,Sand Tomb,4,4,5,75000
Meganium (Shadow),75.3,154,grass,none,110.8,139,131,2018472,23,1497,Vine Whip,Frenzy Plant*,Earthquake,6,9,3,10000
Muk (Shadow),75.3,89,poison,none,115.9,111.7,148,1916176,20,1491,Poison Jab,Dark Pulse,Thunder Punch,7,6,3,50000
Aggron,75.2,306,steel,rock,116.6,155.7,106,1925111,18.5,1500,Metal Sound,Meteor Beam,Brick Break,8,5,1,10000
Avalugg,75.2,713,ice,none,111.8,141.4,127,2006849,17.5,1500,Ice Fang,Avalanche,Body Slam,8,7,3,50000
Excadrill,75.2,530,ground,steel,142.7,78.8,140,1573041,17,1500,Mud Shot,Drill Run,Rock Slide,5,5,3,50000
Hitmontop,75.2,237,fighting,none,121.2,149.9,102,1853307,26,1500,Counter,Close Combat,Triple Axel,8,8,5,75000
Magmar (Shadow),75.2,126,fire,none,135.2,107.6,114,1658602,23,1497,Karate Chop,Fire Punch,Scorching Sands,5,6,5,75000
Baxcalibur,75.1,998,dragon,ice,135.7,95.7,127,1649572,15.5,1500,Dragon Breath,Glaive Rush*,Avalanche,10,12,5,75000
Zebstrika (Shadow),75.1,523,electric,none,137.7,95.5,124,1630392,23,1500,Low Kick,Wild Charge,Discharge,6,5,3,50000
Braixen (Shadow),75,654,fire,none,130.6,107,123,1718256,31,1499,Ember,Psyshock,Flame Charge,5,6,3,10000
Mienshao,75,620,fighting,none,158.9,84.8,105,1415434,20,1500,Force Palm,Brutal Swing,Blaze Kick,4,4,3,50000
Palpitoad,75,536,water,ground,116.2,103,161,1926840,48,1500,Mud Shot,Earth Power,Water Pulse,6,6,3,50000
Tauros (Aqua),75,128,fighting,water,127.8,120.7,114,1758735,20,1500,Double Kick,Aqua Jet,Trailblaze,4,4,3,50000
Decidueye,74.9,724,grass,ghost,127.8,115.3,119,1754076,20,1500,Leafage,Frenzy Plant*,Spirit Shackle,6,5,3,10000
Rayquaza,74.9,384,dragon,flying,147.5,89.5,115,1518920,14.5,1500,Dragon Tail,Breaking Swipe*,Dragon Ascent*,5,4,20,100000
Swoobat,74.9,528,psychic,flying,126.7,101.7,138,1777300,34.5,1500,Confusion,Fly,Psychic Fangs,4,3,1,10000
Crawdaunt (Shadow),74.8,342,water,dark,144.7,98.4,109,1551934,22,1498,Waterfall,Night Slash,Scald,4,5,3,50000
Giratina (Origin),74.8,487,ghost,dragon,120,101.4,154,1874595,15,1500,Dragon Tail,Ominous Wind,Shadow Ball,4,5,20,100000
Mismagius (Shadow),74.8,429,ghost,none,131.6,123.7,104,1692580,21,1493,Psywave,Shadow Ball,Mystical Fire,13,12,3,50000
Reshiram (Shadow),74.8,643,dragon,fire,138.4,109,107,1613964,13.5,1498,Dragon Breath,Fusion Flare*,Draco Meteor,12,17,20,100000
Xatu,74.8,178,psychic,flying,132.2,107.9,119,1698214,25.5,1500,Peck,Psyshock,Aerial Ace,5,6,3,50000
Comfey,74.6,764,fairy,none,116.2,157.5,105,1921722,26.5,1500,Vine Whip,Draining Kiss,Grass Knot,7,7,3,50000
Escavalier,74.6,589,bug,steel,132.2,117.6,108,1679048,19,1495,Bug Bite,Drill Run,Razor Shell*,14,12,3,50000
Flapple,74.6,841,grass,dragon,138.1,100.1,117,1618070,22.5,1500,Dragon Breath,Seed Bomb,Dragon Pulse,10,14,5,75000
Gabite (Shadow),74.6,444,dragon,ground,128.8,102.4,132,1741329,30,1499,Mud Shot,Twister,Dig,5,6,5,75000
Kabutops,74.6,141,rock,water,135.5,119.8,102,1654897,20.5,1498,Fury Cutter*,Aqua Jet,Stone Edge,10,14,5,75000
Raticate (Alolan) (Shadow),74.6,20,dark,normal,107.1,130.2,150,2090786,36.5,1497,Bite,Crunch,Hyper Fang,12,13,1,10000
Suicune,74.6,245,water,none,106.3,143.1,137,2083417,18.5,1489,Ice Fang,Bubble Beam,Scald,9,9,20,100000
Tyranitar,74.6,248,rock,dark,129.7,111.4,120,1734171,14.5,1500,Dragon Breath,Brutal Swing,Stone Edge,9,14,5,75000
Wormadam (Plant),74.6,413,bug,grass,110,144.9,128,2040195,34.5,1499,Sucker Punch,Energy Ball,Bug Buzz,7,9,1,10000
Magmar,74.5,126,fire,none,135.2,107.6,114,1658602,23,1497,Karate Chop,Fire Punch,Scorching Sands,5,6,5,75000
Camerupt (Shadow),74.4,323,fire,ground,133.6,100.5,125,1678150,25.5,1499,Incinerate,Earth Power,Rock Tomb,3,3,3,50000
Lugia,74.4,249,psychic,flying,102.4,167.1,127,2174273,15,1497,Dragon Tail,Earth Power,Aeroblast*,5,7,20,100000
Pumpkaboo (Average),74.4,710,ghost,grass,114.3,116,126,1669772,50,1381,Astonish,Grass Knot,Foul Play,5,4,5,75000
Bewear,74.3,760,normal,fighting,129.6,87.2,153,1729276,17.5,1497,Low Kick,Superpower,Stomp,5,5,1,10000
Fraxure (Shadow),74.3,611,dragon,none,144.3,91.5,118,1557842,25,1500,Dragon Tail,Aqua Tail,Night Slash,3,3,5,75000
Obstagoon (Shadow),74.3,862,dark,normal,113.2,127.9,137,1985019,21,1500,Counter,Cross Chop,Night Slash,6,6,3,10000
Wailord (Shadow),74.3,321,water,none,118.4,67.4,237,1891875,24.5,1497,Rollout,Surf,Hyper Beam,4,7,1,10000
Beedrill,74.2,15,bug,poison,127.1,106.5,130,1760459,30.5,1500,Infestation,X-Scissor,Drill Run*,4,4,1,10000
Braixen,74.2,654,fire,none,130.6,107,123,1718256,31,1499,Ember,Psyshock,Flame Charge,5,6,3,10000
Haxorus (Shadow),74.2,612,dragon,none,151.5,95.2,103,1485200,15.5,1500,Dragon Tail,Night Slash,Surf,3,4,5,75000
Tyranitar (Shadow),74.2,248,rock,dark,129.7,111.4,120,1734171,14.5,1500,Dragon Breath,Brutal Swing,Stone Edge,9,14,5,75000
Wormadam (Sandy),74.2,413,bug,ground,110,144.9,128,2040195,34.5,1499,Sucker Punch,Bulldoze,Bug Buzz,8,9,1,10000
Aggron (Shadow),74.1,306,steel,rock,116.6,155.7,106,1925111,18.5,1500,Metal Sound,Meteor Beam,Brick Break,8,5,1,10000
Golem (Alolan) (Shadow),74.1,76,rock,electric,125.2,122.3,117,1791042,19,1497,Volt Switch,Wild Charge,Rock Blast,3,3,1,10000
Kilowattrel,74.1,941,electric,flying,143.2,92.5,118,1563295,22.5,1499,Thunder Shock,Acrobatics,Aerial Ace,7,5,1,10000
Sandslash (Shadow),74.1,28,ground,none,120.5,123,125,1852528,23.5,1497,Sand Attack,Night Slash*,Rock Tomb,9,13,3,50000
Sawk,74.1,539,fighting,none,140.4,97.4,117,1599454,20,1499,Low Kick,Brick Break,Body Slam,5,5,5,75000
Typhlosion (Hisuian),74.1,157,fire,ghost,139.6,106.9,108,1611490,18.5,1500,Ember,Shadow Ball,Wild Charge,6,5,3,10000
Haunter,74,93,ghost,poison,161.2,85.5,101,1392317,28,1498,Shadow Claw,Shadow Punch,Ice Punch,5,5,3,50000
Honchkrow (Shadow),74,430,dark,flying,150,68.9,145,1499623,20.5,1500,Peck,Brave Bird,Dark Pulse,7,6,3,50000
Palossand,74,770,ghost,ground,116.6,123,134,1921866,23,1499,Astonish,Shadow Ball,Earth Power,5,5,3,50000
Celebi,73.9,251,psychic,grass,120.5,119.4,129,1855163,16.5,1498,Confusion,Aura Sphere,Leaf Storm,3,4,20,100000
Golett (Shadow),73.9,622,ground,ghost,119.3,89.9,141,1512725,50,1344,Astonish,Shadow Punch,Brick Break,4,4,5,75000
Grimer (Shadow),73.9,88,poison,none,122.8,86.9,171,1824029,49,1497,Poison Jab,Sludge,Mud Bomb,6,7,3,50000
Litleo,73.9,667,fire,normal,121.6,105.8,144,1851844,48.5,1500,Incinerate,Flame Charge,Crunch,3,3,3,10000
Rhyperior (Shadow),73.9,464,ground,rock,126.8,104.5,134,1775272,15,1500,Mud Slap,Drill Run,Rock Wrecker*,4,5,3,50000
Slowpoke,73.8,79,water,psychic,104.2,95,186,1840271,50,1386,Confusion,Psyshock,Water Pulse,3,4,3,50000
Zebstrika,73.8,523,electric,none,137.7,95.5,124,1630392,23,1500,Low Kick,Wild Charge,Flame Charge,6,7,3,50000
Magmortar (Shadow),73.7,467,fire,none,140.8,104.5,108,1589375,17.5,1498,Karate Chop,Fire Punch,Thunderbolt*,5,7,5,75000
Regirock (Shadow),73.7,377,rock,none,105.8,178.5,111,2094814,17,1493,Lock On,Stone Edge,Focus Blast,11,15,20,100000
Scolipede (Shadow),73.7,545,bug,poison,131.8,120.4,107,1697847,22.5,1496,Poison Sting,Aqua Tail,X-Scissor,4,5,1,10000
Electabuzz,73.6,125,electric,none,130.9,113.2,115,1704150,24,1498,Thunder Shock,Thunder Punch,Return<sup>†</sup>,5,8,5,75000
Grimer (Alolan) (Shadow),73.6,88,poison,dark,122.8,86.9,171,1824029,49,1497,Poison Jab,Crunch,Sludge Bomb,7,8,3,50000
Lairon,73.6,305,steel,rock,113.8,147.2,118,1976790,27,1500,Metal Sound,Rock Tomb,Body Slam,7,5,1,10000
Scyther (Shadow),73.6,123,bug,flying,134.9,109.5,113,1668474,20.5,1500,Fury Cutter,Night Slash,X-Scissor,9,10,5,75000
Shiftry (Shadow),73.6,275,grass,dark,133.4,88.1,143,1680081,23.5,1497,Snarl,Leaf Blade,Foul Play,3,4,3,50000
Kabuto (Shadow),73.5,140,rock,water,134.5,129.5,96,1671529,49,1499,Scratch,Aqua Jet,Rock Tomb,10,13,5,75000
Misdreavus,73.5,200,ghost,none,123,120.9,122,1813865,29,1495,Psywave,Dark Pulse,Shadow Sneak,12,13,3,50000
Alomomola,73.4,594,water,none,97.4,99.5,238,2305528,26,1499,Waterfall,Hydro Pump,Blizzard,8,8,5,75000
Chimecho,73.4,358,psychic,none,119.6,120.9,130,1879066,25,1500,Astonish,Psyshock,Energy Ball,4,5,5,75000
Corvisquire,73.4,822,flying,none,118.1,104.7,153,1892802,49.5,1496,Peck,Sky Attack,Payback,7,8,1,10000
Escavalier (Shadow),73.4,589,bug,steel,132.2,117.6,108,1679048,19,1495,Bug Bite,Drill Run,Razor Shell*,14,12,3,50000
Mienfoo,73.4,619,fighting,none,142.8,93.3,118,1571195,47,1497,Low Kick,Brick Break,High Jump Kick*,5,7,3,50000
Pinsir (Shadow),73.4,127,bug,none,139.6,112.6,102,1603789,18.5,1498,Fury Cutter,Close Combat,X-Scissor,12,10,5,75000
Regice,73.4,378,ice,none,104.5,179.9,114,2143693,17.5,1500,Lock On,Blizzard,Thunder*,15,12,20,100000
Tauros (Combat),73.4,128,fighting,none,127.8,120.7,114,1758735,20,1500,Double Kick,Close Combat,Trailblaze,4,4,3,50000
Weezing,73.4,110,poison,none,117.6,140.3,116,1912745,25,1500,Rollout,Sludge Bomb,Dark Pulse,4,4,3,50000
Armaldo (Shadow),73.3,348,rock,bug,133.9,109.1,115,1680484,19.5,1500,Fury Cutter,Rock Blast,Liquidation,10,12,3,50000
Gengar,73.2,94,ghost,poison,154.3,95.5,98,1444036,19,1495,Shadow Claw,Shadow Punch*,Dark Pulse*,5,6,3,50000
Gigalith (Shadow),73.2,526,rock,none,127.2,118.4,117,1762839,17,1499,Lock On,Superpower,Meteor Beam*,8,12,3,50000
Kabuto,73.2,140,rock,water,134.5,129.5,96,1671529,49,1499,Scratch,Aqua Jet,Rock Tomb,10,13,5,75000
Obstagoon,73.2,862,dark,normal,113.2,127.9,137,1985019,21,1500,Counter,Night Slash,Cross Chop,6,6,3,10000
Cacturne (Shadow),73.1,332,grass,dark,147.2,85.1,121,1515811,24,1498,Sucker Punch,Trailblaze,Dark Pulse,7,7,3,50000
Chansey,73.1,113,normal,none,63,120.2,421,3188219,50,1418,Zen Headbutt,Dazzling Gleam,Hyper Beam,10,14,5,75000
Crocalor,73.1,910,fire,none,119.4,105.8,148,1869076,29,1494,Incinerate,Crunch,Disarming Voice,3,3,3,10000
Eelektrik,73.1,603,electric,none,122.3,110.1,136,1831304,35.5,1497,Acid,Discharge,Crunch,5,6,1,10000
Emboar,73.1,500,fire,fighting,137.9,80.4,147,1630577,18.5,1499,Low Kick,Blast Burn*,Heat Wave,7,6,3,10000
Kricketune,73.1,402,bug,none,127.7,89.6,153,1750786,38,1497,Fury Cutter,X-Scissor,Aerial Ace,10,12,1,10000
Monferno (Shadow),73,391,fire,fighting,129.6,96,139,1730680,42,1499,Ember,Flame Wheel,Low Sweep,5,5,3,10000
Pawmo,73,922,electric,fighting,136.1,81.5,142,1575592,50,1468,Thunder Shock,Wild Charge,Thunder Punch,5,5,3,75000
Articuno (Galarian),72.9,144,psychic,flying,134.1,111,112,1666929,15.5,1495,Psycho Cut,Fly,Brave Bird,5,7,20,100000
Gigalith,72.9,526,rock,none,127.2,118.4,117,1762839,17,1499,Lock On,Superpower,Meteor Beam*,8,12,3,50000
Golem (Alolan),72.9,76,rock,electric,125.2,122.3,117,1791042,19,1497,Volt Switch,Wild Charge,Rock Blast,3,3,1,10000
Axew (Shadow),72.8,610,dragon,none,138.7,96.1,121,1611671,49,1495,Scratch,Aqua Tail,Dragon Claw,9,13,5,75000
Gholdengo,72.8,1000,steel,ghost,134.6,107.8,114,1654913,15.5,1493,Hex,Shadow Ball,Power Gem,4,4,5,10000
Graveler (Alolan),72.8,75,rock,electric,121.5,131,116,1845378,30,1499,Volt Switch,Stone Edge,Rock Blast,4,3,1,10000
Celesteela,72.7,797,steel,flying,119.6,120.7,130,1876702,18,1500,Air Slash,Body Slam,Iron Head,5,6,20,100000
Charmeleon (Shadow),72.7,5,fire,none,126.6,109.5,128,1774326,38.5,1500,Ember,Fire Punch,Flamethrower,5,7,3,10000
Emboar (Shadow),72.7,500,fire,fighting,137.9,80.4,147,1630577,18.5,1499,Low Kick,Blast Burn*,Heat Wave,7,6,3,10000
Golduck,72.7,55,water,none,124.2,112.2,129,1796871,22.5,1499,Confusion,Cross Chop,Liquidation,3,4,3,50000
Kleavor,72.7,900,bug,rock,143.6,104.5,104,1560876,17.5,1500,Fury Cutter,X-Scissor,Rock Slide,10,12,5,75000
Staravia,72.7,397,normal,flying,131.9,91.6,135,1631281,50,1468,Wing Attack,Brave Bird,Fly,7,6,1,10000
Bayleef,72.6,153,grass,none,105.6,141.6,142,2122414,49.5,1499,Magical Leaf,Ancient Power,Energy Ball,5,5,3,10000
Bibarel,72.6,400,normal,water,123,99.3,149,1818797,31.5,1498,Take Down,Surf,Hyper Fang,5,6,1,10000
Graveler (Alolan) (Shadow),72.6,75,rock,electric,122.6,129.9,115,1831483,29.5,1500,Volt Switch,Stone Edge,Rock Blast,4,3,1,10000
Serperior (Shadow),72.6,497,grass,none,110.2,142.3,130,2038328,25,1500,Vine Whip,Frenzy Plant*,Leaf Tornado,6,5,3,10000
Shiftry,72.6,275,grass,dark,133.4,88.1,143,1680081,23.5,1497,Snarl,Leaf Blade,Foul Play,3,4,3,50000
Frigibax,72.5,996,dragon,ice,125.2,84.9,149,1583298,50,1410,Dragon Breath,Avalanche,Dragon Claw,12,13,5,75000
Glalie (Shadow),72.5,362,ice,none,115.2,120.8,140,1948427,27,1499,Rollout,Avalanche,Shadow Ball,4,4,3,50000
Huntail,72.5,367,water,none,130.8,125.6,104,1709128,23.5,1497,Bite,Aqua Tail,Crunch,9,12,3,50000
Hydrapple,72.5,1019,grass,dragon,122.3,110.7,136,1841044,17,1500,Dragon Tail,Seed Bomb,Outrage,4,5,5,75000
Venomoth,72.5,49,bug,poison,127,107.6,129,1763077,27,1497,Infestation,Poison Fang,Silver Wind,4,4,3,50000
Vibrava,72.4,329,ground,dragon,125.2,95.8,127,1523223,50,1384,Dragon Breath,Sand Tomb,Bulldoze,12,14,5,75000
Wyrdeer,72.4,899,normal,psychic,126.6,95.6,146,1767417,20,1497,Confusion,Stomp,Wild Charge,3,4,5,75000
Cacturne,72.3,332,grass,dark,147.2,85.1,121,1515811,24,1498,Sucker Punch,Trailblaze,Dark Pulse,7,7,3,50000
Magmortar,72.3,467,fire,none,140.8,104.5,108,1589375,17.5,1498,Karate Chop,Fire Punch,Thunderbolt*,5,7,5,75000
Pumpkaboo (Small),72.3,710,ghost,grass,115.1,116.8,119,1600115,50,1359,Astonish,Grass Knot,Foul Play,5,4,5,75000
Suicune (Shadow),72.3,245,water,none,107.1,140,136,2039331,18,1478,Ice Fang,Bubble Beam,Scald,9,9,20,100000
Swadloon,72.3,541,bug,grass,106.7,146.2,135,2106471,50,1500,Bug Bite,Energy Ball,Silver Wind,15,15,1,10000
Fraxure,72.2,611,dragon,none,144.3,91.5,118,1557842,25,1500,Dragon Tail,Aqua Tail,Night Slash,3,3,5,75000
Golduck (Shadow),72.2,55,water,none,124.2,112.2,129,1796871,22.5,1499,Confusion,Cross Chop,Liquidation,3,4,3,50000
Hatterene,72.2,858,psychic,fairy,142.2,115,96,1569863,19.5,1499,Psycho Cut,Psyshock,Power Whip,5,6,5,50000
Heatran (Shadow),72.2,485,fire,steel,130.7,115.5,110,1660650,14.5,1479,Fire Spin,Magma Storm*,Earth Power,4,5,20,100000
Houndstone,72.2,972,ghost,none,120.3,130.3,119,1865721,22,1498,Bite,Shadow Ball,Psychic Fangs,13,9,3,50000
Magby,72.2,240,fire,none,139.5,95.8,120,1603478,50,1496,Karate Chop,Fire Punch,Brick Break,5,5,5,10000
Metagross,72.2,376,steel,psychic,132.8,122.1,104,1685821,14.5,1498,Shadow Claw*,Meteor Mash*,Earthquake,6,9,5,75000
Parasect,72.2,47,bug,grass,124.2,118.3,123,1806701,30.5,1500,Fury Cutter,X-Scissor,Cross Poison,10,9,3,50000
Sandshrew,72.2,27,ground,none,118.5,113.4,127,1706968,50,1426,Scratch,Sand Tomb,Rock Tomb*,12,13,3,50000
Cinderace,72.1,815,fire,none,139,99.4,117,1617082,18.5,1500,Fire Spin,Blast Burn*,Pyro Ball,5,4,3,10000
Combusken (Shadow),72.1,256,fire,fighting,130.4,100.9,131,1723138,37.5,1499,Ember,Rock Slide,Flame Charge,5,6,3,10000
Houndour (Shadow),72.1,228,dark,fire,140.3,82.3,120,1386732,50,1395,Ember,Dark Pulse,Flamethrower,5,7,3,50000
Monferno,72.1,391,fire,fighting,129.6,96,139,1730680,42,1499,Ember,Flame Wheel,Low Sweep,5,5,3,10000
Torterra (Shadow),72.1,389,grass,ground,119.9,117,133,1867141,19,1498,Mud Slap,Frenzy Plant*,Sand Tomb,5,5,3,10000
Wobbuffet (Shadow),72.1,202,psychic,none,63,101.7,333,2133829,50,1160,Counter,Mirror Coat,Frustration<sup>†</sup>,9,12,3,50000
Zangoose,72.1,335,normal,none,144.8,87.8,122,1550367,23,1500,Fury Cutter,Close Combat,Night Slash,12,9,3,50000
Crawdaunt,72,342,water,dark,144.7,98.4,109,1551934,22,1498,Waterfall,Night Slash,Scald,4,5,3,50000
Electabuzz (Shadow),72,125,electric,none,132.2,112.6,114,1696362,24,1500,Thunder Shock,Thunder Punch,Thunderbolt,5,7,5,75000
Venomoth (Shadow),72,49,bug,poison,127,107.6,129,1763077,27,1497,Infestation,Poison Fang,Silver Wind,4,4,3,50000
Floatzel,71.9,419,water,none,143.8,81.7,133,1563742,22.5,1500,Waterfall,Aqua Jet,Swift,4,4,3,50000
Hitmontop (Shadow),71.9,237,fighting,none,121.2,149.9,102,1853307,26,1500,Counter,Close Combat,Triple Axel,8,8,5,75000
Landorus (Incarnate) (Shadow),71.9,645,ground,flying,140.2,100.9,113,1598546,15,1499,Mud Shot,Earth Power,Rock Slide,6,5,20,100000
Rhyperior,71.9,464,ground,rock,126.8,104.5,134,1775272,15,1500,Mud Slap,Drill Run,Rock Wrecker*,4,5,3,50000
Slowpoke (Shadow),71.9,79,water,psychic,104.2,95,186,1840271,50,1386,Confusion,Psyshock,Water Pulse,3,4,3,50000
Combusken,71.8,256,fire,fighting,130.4,100.9,131,1723138,37.5,1499,Ember,Rock Slide,Flame Charge,5,6,3,10000
Corvisquire (Shadow),71.8,822,flying,none,118.1,104.7,153,1892802,49.5,1496,Peck,Sky Attack,Payback,7,8,1,10000
Golett,71.8,622,ground,ghost,119.3,89.9,141,1512725,50,1344,Astonish,Shadow Punch,Brick Break,4,4,5,75000
Weepinbell (Shadow),71.8,70,grass,poison,139.4,82.7,140,1613476,39.5,1500,Acid,Power Whip,Seed Bomb,7,5,3,50000
Sneasler,71.7,903,fighting,poison,145.4,94.7,112,1542861,17,1500,Shadow Claw,Close Combat,X-Scissor,6,5,5,75000
Bibarel (Shadow),71.6,400,normal,water,123,99.3,149,1818797,31.5,1498,Take Down,Surf,Hyper Fang,5,6,1,10000
Dialga (Shadow),71.6,483,steel,dragon,139.4,107,106,1581206,13.5,1488,Dragon Breath,Iron Head,Thunder,13,15,20,100000
Haunter (Shadow),71.6,93,ghost,poison,161.2,85.5,101,1392317,28,1498,Shadow Claw,Ice Punch,Shadow Ball,5,7,3,50000
Axew,71.5,610,dragon,none,138.7,96.1,121,1611671,49,1495,Scratch,Aqua Tail,Dragon Claw,9,13,5,75000
Chatot,71.5,441,normal,flying,139.6,78.4,147,1609663,32.5,1499,Peck,Heat Wave,Sky Attack,6,7,5,75000
Grotle,71.5,388,grass,none,117.8,114.9,141,1908142,30,1500,Bite,Body Slam,Energy Ball,10,12,3,10000
Ponyta (Shadow),71.5,77,fire,none,133.5,108.2,116,1675972,36,1500,Ember,Flame Wheel,Stomp,5,5,3,50000
Regieleki,71.5,894,electric,none,149.8,82.6,119,1472474,19.5,1489,Volt Switch,Thunder Cage*,Hyper Beam,3,5,20,100000
Drifloon (Shadow),71.4,425,ghost,flying,110.9,79.8,186,1646946,50,1353,Hex,Shadow Ball,Icy Wind,4,4,5,75000
Manectric,71.4,310,electric,none,142.5,91.3,121,1574038,23.5,1498,Thunder Fang,Psychic Fangs,Wild Charge,6,8,3,50000
Vibrava (Shadow),71.4,329,ground,dragon,125.2,95.8,127,1523223,50,1384,Dragon Breath,Sand Tomb,Bulldoze,12,14,5,75000
Absol (Shadow),71.2,359,dark,none,156.6,84,109,1433529,22,1498,Psycho Cut,Brutal Swing*,Megahorn,4,7,5,75000
Anorith (Shadow),71.2,347,rock,bug,145.4,92.1,115,1539881,43.5,1499,Scratch,Aqua Jet,Cross Poison,10,9,3,50000
Lairon (Shadow),71.2,305,steel,rock,113.8,147.2,118,1976790,27,1500,Metal Sound,Rock Tomb,Body Slam,7,5,1,10000
Moltres,71.2,146,fire,flying,136.8,103.7,115,1630791,16,1499,Wing Attack,Fly,Heat Wave,6,6,20,100000
Purugly,71.2,432,normal,none,125.5,105.5,134,1775269,28.5,1493,Scratch,Aerial Ace,Thunder,12,15,3,50000
Smoochum,71.2,238,ice,psychic,141.2,89.1,120,1508916,50,1460,Powder Snow,Psyshock,Ice Punch,5,5,5,10000
Tangrowth,71.2,465,grass,none,120.7,112.8,136,1851661,18,1495,Vine Whip,Power Whip,Rock Slide,7,6,3,50000
Karrablast (Shadow),71.1,588,bug,none,127.7,85.7,127,1390325,50,1336,Fury Cutter,Drill Run,X-Scissor,10,10,3,50000
Misdreavus (Shadow),71.1,200,ghost,none,123,120.9,122,1813865,29,1495,Astonish,Dark Pulse,Shadow Sneak,5,5,3,50000
Moltres (Shadow),71.1,146,fire,flying,139.9,102,112,1598740,15.5,1499,Wing Attack,Fly,Heat Wave,6,6,20,100000
Scyther,71.1,123,bug,flying,134.9,109.5,113,1668474,20.5,1500,Fury Cutter,Night Slash,X-Scissor,9,10,5,75000
Slowpoke (Galarian),71.1,79,psychic,none,104.2,95,186,1840271,50,1386,Confusion,Psyshock,Surf,3,4,3,50000
Ceruledge,71,937,fire,ghost,136.4,114,106,1647731,17.5,1500,Incinerate,Shadow Ball,Heat Wave,3,3,5,50000
Sneasler (Shadow),71,903,fighting,poison,145.4,94.7,112,1542861,17,1500,Shadow Claw,Close Combat,X-Scissor,6,5,5,75000
Pinsir,70.9,127,bug,none,139.6,112.6,102,1603789,18.5,1498,Fury Cutter,Close Combat,X-Scissor,12,10,5,75000
Durant,70.8,632,bug,steel,135.3,122.4,100,1656336,21,1499,Bug Bite,X-Scissor,Iron Head,14,17,3,50000
Grovyle,70.7,253,grass,none,136.3,103.2,117,1646572,36.5,1498,Quick Attack,Leaf Blade,Aerial Ace,5,6,3,10000
Heatran,70.7,485,fire,steel,133,112.3,113,1686996,15,1499,Fire Spin,Magma Storm*,Earth Power,4,5,20,100000
Armaldo,70.6,348,rock,bug,133.9,109.1,115,1680484,19.5,1500,Fury Cutter,Rock Blast,Liquidation,10,12,3,50000
Charmeleon,70.6,5,fire,none,126.6,109.5,128,1774326,38.5,1500,Ember,Fire Punch,Return<sup>†</sup>,5,8,3,10000
Hattrem,70.6,857,psychic,none,122.7,115.7,128,1817823,38.5,1494,Confusion,Psyshock,Dazzling Gleam,3,4,5,50000
Sawsbuck,70.6,586,normal,grass,129.4,101.9,131,1726893,23,1496,Take Down,Wild Charge,Trailblaze,5,5,3,50000
Bayleef (Shadow),70.5,153,grass,none,105.6,141.6,142,2122414,49.5,1499,Magical Leaf,Ancient Power,Energy Ball,5,5,3,10000
Pignite,70.5,499,fire,fighting,127.3,87,158,1751280,29,1497,Ember,Rock Tomb,Flame Charge,6,6,3,10000
Staraptor,70.5,398,normal,flying,140.4,90.8,125,1594214,19.5,1496,Wing Attack,Fly,Close Combat,6,6,1,10000
Thwackey,70.5,811,grass,none,123.7,107.6,136,1808877,30,1500,Scratch,Energy Ball,Grass Knot,12,13,3,10000
Aron,70.4,304,steel,rock,114.3,131.1,127,1902550,50,1478,Metal Sound,Rock Tomb,Iron Head,7,7,1,10000
Grotle (Shadow),70.4,388,grass,none,117.8,114.9,141,1908142,30,1500,Bite,Energy Ball,Body Slam,12,10,3,10000
Landorus (Incarnate),70.4,645,ground,flying,140.2,100.9,113,1598546,15,1499,Mud Shot,Earth Power,Rock Slide,6,5,20,100000
Staravia (Shadow),70.3,397,normal,flying,131.9,91.6,135,1631281,50,1468,Wing Attack,Brave Bird,Fly,7,6,1,10000
Flareon,70.2,136,fire,none,142.3,110,100,1564103,18,1498,Ember,Superpower*,Heat Wave*,5,5,5,75000
Weepinbell,70.2,70,grass,poison,137.9,84.8,139,1626595,40.5,1500,Acid,Power Whip,Seed Bomb,7,5,3,50000
Weezing (Shadow),70.2,110,poison,none,117.7,139.5,116,1904809,24.5,1499,Rollout,Sludge Bomb,Dark Pulse,4,4,3,50000
Drifloon,70.1,425,ghost,flying,110.9,79.8,186,1646946,50,1353,Hex,Shadow Ball,Icy Wind,4,4,5,75000
Elekid,70.1,239,electric,none,126,97.5,120,1474345,50,1364,Thunder Shock,Thunder Punch,Brick Break,5,5,5,10000
Leafeon,70,470,grass,none,128.1,133.9,102,1749898,19,1500,Quick Attack,Leaf Blade,Energy Ball,5,6,5,75000
Mudsdale,70,750,ground,none,123.6,107.1,136,1799895,18,1491,Mud Slap,Bulldoze,Body Slam,6,4,3,50000
Sandaconda,70,844,ground,none,123.1,132,112,1819734,20,1498,Mud Slap,Earth Power,Wrap,5,5,3,50000
Volcanion,70,721,fire,water,135.6,117.4,103,1639861,15,1494,Incinerate,Scald,Overheat,3,3,20,100000
Slowking,69.9,199,water,psychic,113.4,120.9,144,1974848,22,1500,Confusion,Surf*,Blizzard,4,6,3,50000
Tauros (Blaze),69.9,128,fighting,fire,127.8,120.7,114,1758735,20,1500,Double Kick,Flame Charge,Trailblaze,5,4,3,50000
Floette,69.8,670,fairy,none,114.3,134.5,128,1967111,44,1499,Vine Whip,Dazzling Gleam,Petal Blizzard,7,9,3,50000
Growlithe (Shadow),69.8,58,fire,none,126.9,90.8,135,1554545,50,1405,Ember,Flame Wheel,Body Slam,5,5,3,50000
Ponyta,69.8,77,fire,none,133.5,108.2,116,1675972,36,1500,Ember,Flame Wheel,Stomp,5,5,3,50000
Stunky,69.8,434,poison,dark,114.3,88.2,147,1482226,50,1301,Scratch,Crunch,Trailblaze,12,12,3,50000
Beartic,69.7,614,ice,none,135.5,94.1,130,1656683,18,1500,Powder Snow,Ice Punch,Liquidation,5,6,3,50000
Spritzee,69.7,682,fairy,none,105,107.6,168,1898008,50,1415,Charm,Draining Kiss,Thunderbolt,7,7,3,50000
Cryogonal,69.6,615,ice,none,115.9,138,121,1935216,20,1499,Ice Shard,Triple Axel,Night Slash,5,4,5,75000
Espurr,69.6,677,psychic,none,113.4,108.4,145,1783036,50,1424,Confusion,Psyshock,Energy Ball,3,4,3,50000
Mantyke,69.6,458,water,flying,100.8,163,120,1972572,50,1411,Bubble,Water Pulse,Aerial Ace,5,5,5,10000
Haxorus,69.5,612,dragon,none,151.5,95.2,103,1485200,15.5,1500,Dragon Tail,Night Slash,Surf,3,4,5,75000
Staraptor (Shadow),69.5,398,normal,flying,140.4,90.8,125,1594214,19.5,1496,Wing Attack,Fly,Close Combat,6,6,1,10000
Swellow,69.5,277,normal,flying,136,100,121,1645136,29,1499,Wing Attack,Brave Bird,Aerial Ace,7,6,1,10000
Tirtouga,69.4,564,water,rock,114.4,132.5,130,1969593,46.5,1500,Bite,Surf,Ancient Power,12,12,5,75000
Seviper,69.3,336,poison,none,137.5,90.1,131,1623124,26.5,1496,Poison Jab,Poison Fang,Wrap,6,7,3,50000
Tangrowth (Shadow),69.3,465,grass,none,120.7,112.8,136,1851661,18,1495,Vine Whip,Power Whip,Rock Slide,7,6,3,50000
Ivysaur,69.2,2,grass,poison,118.7,121.1,131,1883144,37.5,1500,Vine Whip,Power Whip,Sludge Bomb,7,7,3,10000
Stufful,69.2,759,normal,fighting,124.8,92.2,156,1794685,49.5,1499,Take Down,Superpower,Stomp,5,5,1,10000
Absol,69.1,359,dark,none,156.6,84,109,1433529,22,1498,Psycho Cut,Brutal Swing*,Megahorn,4,7,5,75000
Floragato,69.1,907,grass,none,124.5,110.6,131,1803025,37,1500,Leafage,Energy Ball,Play Rough,6,8,3,10000
Grapploct,69.1,853,fighting,none,130.4,107.1,123,1718101,21,1500,Waterfall,Superpower,Ice Punch,4,4,3,50000
Growlithe,69.1,58,fire,none,126.9,90.8,135,1554545,50,1405,Ember,Flame Wheel,Body Slam,5,5,3,50000
Tyrantrum,69.1,697,rock,dragon,129.1,115.1,116,1723842,17.5,1493,Dragon Tail,Rock Tomb,Crunch,5,4,5,75000
Tyrunt,69.1,696,rock,dragon,126.6,107.9,129,1762642,38.5,1498,Dragon Tail,Rock Tomb,Stomp,5,4,5,75000
Sandshrew (Shadow),69,27,ground,none,118.5,113.4,127,1706968,50,1426,Scratch,Sand Tomb,Rock Tomb*,12,13,3,50000
Masquerain,68.9,284,bug,flying,129.6,109.1,122,1725007,24.5,1497,Infestation,Air Cutter,Lunge,4,4,1,10000
Espathra,68.8,956,psychic,none,131.8,90,143,1695842,22.5,1499,Confusion,Psyshock,Dazzling Gleam,3,4,3,50000
Mr. Mime,68.8,122,psychic,fairy,131.6,144.3,90,1708557,25,1500,Psywave,Shadow Ball,Psychic,13,14,5,75000
Pyroar,68.8,668,fire,normal,135,98,126,1666684,20,1500,Incinerate,Flame Charge,Dark Pulse,3,3,3,10000
Luxray,68.7,405,electric,none,138,99,119,1625573,19,1500,Spark,Wild Charge,Psychic Fangs*,7,5,5,75000
Mankey (Shadow),68.7,56,fighting,none,137,81.5,113,1261556,50,1317,Karate Chop,Cross Chop,Brick Break,4,5,3,50000
Sneasel (Hisuian),68.7,215,fighting,poison,134,111.8,111,1661900,27,1497,Poison Jab,Close Combat,X-Scissor,7,6,3,50000
Bouffalant,68.6,626,normal,none,118.9,115.9,137,1887582,20,1500,Mud Shot,Stomp,Megahorn,5,7,3,50000
Metagross (Shadow),68.6,376,steel,psychic,132.8,122.1,104,1685821,14.5,1498,Shadow Claw*,Meteor Mash*,Earthquake,6,9,5,75000
Buzzwole,68.5,794,bug,fighting,128.2,111.7,122,1747334,16,1499,Counter,Superpower,Lunge,7,8,20,100000
Eldegoss,68.5,830,grass,none,108.4,160.5,119,2069942,28.5,1498,Bullet Seed,Energy Ball,Grass Knot,4,4,3,50000
Growlithe (Hisuian),68.5,58,fire,rock,131.9,89.9,142,1684382,50,1495,Ember,Rock Slide,Flamethrower,5,7,3,50000
Mewtwo (Shadow),68.5,150,psychic,none,147.4,94.4,106,1475059,13,1480,Psycho Cut,Psystrike*,Thunderbolt,5,7,20,100000
Pidgeotto (Shadow),68.5,17,normal,flying,110.9,100.8,147,1644149,50,1350,Wing Attack,Air Cutter,Twister,5,5,1,10000
Carkol,68.4,838,rock,fire,97.1,141.5,168,2308407,46.5,1500,Smack Down,Rock Slide,Flame Charge,6,7,3,10000
Hitmonchan,68.4,107,fighting,none,128.9,137.4,98,1736383,24,1497,Counter,Ice Punch,Thunder Punch,7,7,5,75000
Pidgeotto,68.4,17,normal,flying,110.9,100.8,147,1644149,50,1350,Wing Attack,Air Cutter,Twister,5,5,1,10000
Stunky (Shadow),68.4,434,poison,dark,114.3,88.2,147,1482226,50,1301,Scratch,Crunch,Trailblaze,12,12,3,50000
Basculin,68.2,550,water,none,134,97.2,129,1679476,27,1500,Water Gun,Aqua Tail,Aqua Jet,12,14,1,10000
Darumaka,68.2,554,fire,none,131.9,82.3,157,1705667,50,1500,Fire Fang,Fire Punch,Flame Charge,7,9,3,50000
Darumaka (Shadow),68.2,554,fire,none,131.9,82.3,157,1705667,50,1500,Fire Fang,Fire Punch,Flame Charge,7,9,3,50000
Karrablast,68.2,588,bug,none,127.7,85.7,127,1390325,50,1336,Fury Cutter,Drill Run,X-Scissor,10,10,3,50000
Pignite (Shadow),68.2,499,fire,fighting,127.3,87,158,1751280,29,1497,Ember,Rock Tomb,Flame Charge,6,6,3,10000
Watchog (Shadow),68.2,505,normal,none,125.2,114.1,125,1785264,31.5,1500,Low Kick,Crunch,Hyper Fang,6,7,1,10000
Arcanine,68.1,59,fire,none,132.1,102.6,125,1693302,18,1496,Bite*,Wild Charge,Psychic Fangs,12,9,3,50000
Heatmor,68.1,631,fire,none,134.7,92.6,134,1671446,23.5,1500,Fire Spin,Thunder Punch,Flamethrower,4,6,3,50000
Hitmonchan (Shadow),68.1,107,fighting,none,128.9,137.4,98,1736383,24,1497,Counter,Ice Punch,Thunder Punch,7,7,5,75000
Watchog,68.1,505,normal,none,125.2,114.1,125,1785264,31.5,1500,Low Kick,Crunch,Grass Knot,6,7,1,10000
Cherrim (Sunshine),68,421,grass,none,121.9,116.3,130,1842766,27.5,1500,Bullet Seed,Weather Ball (Fire),Solar Beam,3,7,1,10000
Corsola,68,222,water,rock,108.6,142,134,2066246,49,1500,Bubble,Power Gem,Rock Blast,5,4,3,50000
Arcanine (Shadow),67.9,59,fire,none,132.1,102.6,125,1693302,18,1496,Bite*,Wild Charge,Psychic Fangs,12,9,3,50000
Geodude (Alolan) (Shadow),67.9,74,rock,electric,123.5,123.5,113,1724177,50,1462,Volt Switch,Rock Tomb,Rock Slide,4,3,1,10000
Rotom,67.9,479,electric,ghost,132.4,120.5,106,1691086,27.5,1499,Astonish,Thunderbolt,Ominous Wind,6,5,5,75000
Stufful (Shadow),67.9,759,normal,fighting,124.8,92.2,156,1794685,49.5,1499,Take Down,Superpower,Stomp,5,5,1,10000
Bisharp,67.8,625,dark,steel,139.8,109.7,105,1610607,19.5,1500,Snarl,Dark Pulse,Iron Head,4,4,5,75000
Torracat,67.8,726,fire,none,135.6,89.9,135,1644555,35,1496,Ember,Flame Charge,Crunch,6,5,3,10000
Tyrantrum (Shadow),67.8,697,rock,dragon,129.1,115.1,116,1723842,17.5,1493,Dragon Tail,Crunch,Rock Tomb,4,5,5,75000
Dolliv,67.7,929,grass,normal,118.5,122.7,130,1889662,50,1497,Magical Leaf,Earth Power,Trailblaze,5,5,3,50000
Ambipom (Shadow),67.6,424,normal,none,133.9,100.6,124,1669988,23,1500,Scratch,Aerial Ace,Low Sweep,12,10,3,50000
Appletun,67.6,842,grass,dragon,116.6,102.5,161,1924256,23,1499,Astonish,Energy Ball,Outrage,5,6,5,75000
Grovyle (Shadow),67.6,253,grass,none,136.3,103.2,117,1646572,36.5,1498,Bullet Seed,Leaf Blade,Aerial Ace,3,4,3,10000
Ho-Oh,67.6,250,fire,flying,123,128.5,114,1800807,14,1491,Incinerate,Brave Bird,Sacred Fire*,3,4,20,100000
Quilava,67.6,156,fire,none,126.6,109.5,128,1774326,38.5,1500,Ember,Flame Charge,Dig,6,6,3,10000
Buneary,67.5,427,normal,none,121.8,100.8,135,1658639,50,1423,Quick Attack,Swift,Fire Punch,5,5,3,50000
Mankey,67.5,56,fighting,none,137,81.5,113,1261556,50,1317,Karate Chop,Cross Chop,Brick Break,4,5,3,50000
Poliwhirl,67.5,61,water,none,114.3,116,148,1961320,50,1500,Bubble,Scald*,Mud Bomb,5,5,3,50000
Purugly (Shadow),67.5,432,normal,none,125.5,105.5,134,1775269,28.5,1493,Scratch,Aerial Ace,Thunder,12,15,3,50000
Scraggy,67.5,559,dark,fighting,120.3,122.8,126,1860953,49,1496,Feint Attack,Upper Hand,Foul Play,7,7,3,50000
Oddish,67.4,43,grass,poison,122.7,106.7,120,1571110,50,1389,Acid,Seed Bomb,Moonblast,5,7,3,50000
Oddish (Shadow),67.4,43,grass,poison,122.7,106.7,120,1571110,50,1389,Acid,Seed Bomb,Moonblast,5,7,3,50000
Tyrunt (Shadow),67.4,696,rock,dragon,126.6,107.9,129,1762642,38.5,1498,Dragon Tail,Rock Tomb,Stomp,5,4,5,75000
Geodude (Alolan),67.3,74,rock,electric,123.5,123.5,113,1724177,50,1462,Volt Switch,Rock Tomb,Rock Slide,4,3,1,10000
Mudbray,67.3,749,ground,none,129.9,98.7,134,1717363,29.5,1498,Mud Slap,Bulldoze,Body Slam,6,4,3,50000
Sneasel (Hisuian) (Shadow),67.3,215,fighting,poison,134,111.8,111,1661900,27,1497,Poison Jab,Close Combat,X-Scissor,7,6,3,50000
Gloom,67.2,44,grass,poison,121.4,116,131,1844296,37,1498,Acid,Moonblast,Sludge Bomb,7,7,3,50000
Linoone (Galarian) (Shadow),67.1,264,dark,normal,114.1,111.8,154,1965124,38.5,1497,Snarl,Body Slam,Dig,4,4,1,10000
Slowking (Shadow),67.1,199,water,psychic,113.4,120.9,144,1974848,22,1500,Confusion,Surf*,Blizzard,4,6,3,50000
Jolteon,67,135,electric,none,137.4,114.7,103,1623594,19,1498,Thunder Shock,Discharge,Last Resort*,5,7,5,75000
Gothitelle,66.9,576,psychic,none,115.3,140.9,119,1934140,23,1498,Confusion,Rock Slide,Future Sight,4,5,3,50000
Houndour,66.9,228,dark,fire,140.3,82.3,120,1386732,50,1395,Ember,Dark Pulse,Flamethrower,5,7,3,50000
Regice (Shadow),66.9,378,ice,none,105.8,178.5,111,2094814,17,1493,Lock On,Blizzard,Thunder*,15,12,20,100000
Koffing,66.8,109,poison,none,112.6,131.1,113,1667925,50,1373,Infestation,Sludge,Dark Pulse,4,4,3,50000
Meowstic (Female),66.8,678,psychic,none,117.2,124,132,1917248,26,1499,Confusion,Energy Ball,Shadow Ball,4,4,3,50000
Noivern,66.7,715,flying,dragon,125.5,113.5,126,1794213,20,1500,Bite,Heat Wave,Hurricane,12,15,5,75000
Polteageist,66.7,855,ghost,none,142.8,115.6,95,1568716,18,1498,Hex,Shadow Ball,Dark Pulse,4,4,3,50000
Totodile,66.7,158,water,none,110.9,104.2,127,1467804,50,1279,Scratch,Aqua Jet,Crunch,10,12,3,10000
Garbodor (Shadow),66.5,569,poison,none,121.1,115.9,132,1852920,23.5,1498,Infestation,Body Slam,Seed Bomb,4,4,3,50000
Quilava (Shadow),66.5,156,fire,none,126.6,109.5,128,1774326,38.5,1500,Ember,Flame Charge,Dig,6,6,3,10000
Totodile (Shadow),66.5,158,water,none,110.9,104.2,127,1467804,50,1279,Scratch,Aqua Jet,Crunch,10,12,3,10000
Zoroark,66.5,571,dark,none,157.3,88,103,1425304,21.5,1500,Shadow Claw,Foul Play,Sludge Bomb,5,7,5,75000
Linoone (Galarian),66.4,264,dark,normal,114.1,111.8,154,1965124,38.5,1497,Snarl,Body Slam,Dig,4,4,1,10000
Nidorino,66.4,33,poison,none,123.3,104.3,141,1813973,47.5,1498,Poison Sting,Sludge Bomb,Dig,6,6,3,50000
Tirtouga (Shadow),66.4,564,water,rock,114.4,132.5,130,1969593,46.5,1500,Bite,Surf,Ancient Power,12,12,5,75000
Alakazam (Shadow),66.3,65,psychic,none,155.9,101.4,91,1438855,18,1499,Psycho Cut,Fire Punch,Shadow Ball,5,6,3,50000
Donphan,66.3,232,ground,none,125.3,113.2,126,1786397,18.5,1498,Mud Slap,Trailblaze,Earthquake,5,7,3,50000
Aron (Shadow),66.2,304,steel,rock,114.3,131.1,127,1902550,50,1478,Metal Sound,Rock Tomb,Iron Head,7,7,1,10000
Kubfu,66.2,891,fighting,none,136.6,95.6,125,1631599,34.5,1493,Counter,Close Combat,Brick Break,8,7,20,100000
Luxray (Shadow),66.2,405,electric,none,138,99,119,1625573,19,1500,Spark,Wild Charge,Psychic Fangs*,7,5,5,75000
Sharpedo (Shadow),66.2,319,water,dark,166.6,64.1,126,1345428,25.5,1498,Bite,Crunch,Poison Fang,12,10,3,50000
Chandelure (Shadow),66.1,609,ghost,fire,151.5,105.2,93,1481922,17,1498,Incinerate,Shadow Ball,Energy Ball,3,3,5,75000
Dustox,66.1,269,bug,poison,95,148.7,142,2005436,50,1384,Confusion,Silver Wind,Sludge Bomb,4,4,1,10000
Frosmoth,66.1,873,ice,bug,141.5,101,111,1586766,20.5,1500,Powder Snow,Icy Wind,Bug Buzz,6,8,5,75000
Inteleon,66.1,818,water,none,153.4,89.1,107,1461879,18.5,1500,Water Gun,Snipe Shot,Hydro Cannon*,12,14,3,10000
Loudred,66.1,294,normal,none,125.2,80.7,178,1797820,50,1500,Bite,Stomp,Disarming Voice,10,12,1,10000
Meowstic (Male),66.1,678,psychic,none,117.2,124,132,1917248,26,1499,Confusion,Energy Ball,Thunderbolt,4,4,3,50000
Prinplup,66.1,394,water,none,118.6,117.1,136,1888948,36.5,1498,Bubble,Icy Wind,Bubble Beam,5,5,3,10000
Shellos,66.1,422,water,none,99.2,100.8,166,1659740,50,1284,Mud Slap,Water Pulse,Body Slam,5,4,3,50000
Bergmite,66,712,ice,none,110.9,113.4,135,1698675,50,1374,Bite,Icy Wind,Crunch,12,12,3,50000
Delcatty,66,301,normal,none,111.9,116.8,153,2000374,46.5,1496,Charm,Wild Charge,Disarming Voice,6,6,3,50000
Sneasel (Shadow),66,215,dark,ice,134,111.8,111,1661900,27,1497,Ice Shard,Avalanche,Foul Play,5,4,3,50000
Urshifu (Rapid Strike),66,892,fighting,water,136.6,97.8,121,1616195,15,1489,Counter,Aqua Jet,Dynamic Punch,7,8,20,100000
Drakloak,65.9,886,dragon,ghost,130.4,93.1,142,1724150,37.5,1499,Dragon Tail,Shadow Ball,Outrage,5,5,5,75000
Falinks,65.9,870,fighting,none,127.6,119.2,115,1748115,23.5,1495,Counter,Superpower,Megahorn,7,10,5,75000
Anorith,65.8,347,rock,bug,145.4,92.1,115,1539881,43.5,1499,Scratch,Aqua Jet,Ancient Power,10,12,3,50000
Gumshoos,65.8,735,normal,none,134.2,85,147,1677298,25.5,1500,Take Down,Rock Tomb,Crunch,6,5,1,10000
Honedge,65.8,679,steel,ghost,122.1,127.1,118,1831842,47,1495,Psycho Cut,Iron Head,Gyro Ball,6,6,5,75000
Vanillish,65.8,583,ice,none,123.7,120.5,122,1818275,40.5,1500,Astonish,Icy Wind,Signal Beam,5,6,3,50000
Donphan (Shadow),65.7,232,ground,none,125.3,113.2,126,1786397,18.5,1498,Mud Slap,Trailblaze,Earthquake,5,7,3,50000
Exploud,65.7,295,normal,none,119.8,99.5,157,1870373,24,1500,Astonish,Crunch,Disarming Voice,5,5,1,10000
Mesprit,65.7,481,psychic,none,123.6,128.1,114,1804097,18,1496,Confusion,Swift,Future Sight,3,5,20,100000
Espeon,65.6,196,psychic,none,148.1,105.6,97,1517189,17.5,1500,Confusion,Psychic Fangs,Shadow Ball*,3,4,5,75000
Krookodile,65.6,553,ground,dark,133.2,98,129,1684588,18,1499,Mud Slap,Sand Tomb,Crunch,5,5,5,75000
Minun,65.6,312,electric,none,116.3,127.1,130,1921857,36.5,1496,Quick Attack,Thunderbolt,Grass Knot,7,7,3,50000
Cloyster,65.5,91,water,ice,119,169.8,93,1879927,22,1498,Ice Shard,Icy Wind,Liquidation,5,5,3,50000
Sandygast,65.5,769,ghost,ground,113.4,111.8,135,1711543,50,1394,Mud Shot,Shadow Ball,Earth Power,6,6,3,50000
Skrelp,65.5,690,poison,water,104.2,104.2,127,1378846,50,1202,Acid,Aqua Tail,Twister,5,5,3,50000
Garbodor,65.4,569,poison,none,121.1,115.9,132,1852920,23.5,1498,Infestation,Body Slam,Gunk Shot,4,7,3,50000
Poipole,65.4,803,poison,none,119.7,113.6,137,1862719,36,1495,Peck,Sludge Bomb,Fell Stinger,7,5,20,100000
Rotom (Mow),65.4,479,electric,grass,128.8,144.9,93,1736642,21.5,1500,Thunder Shock,Ominous Wind,Leaf Storm,5,7,5,75000
Ivysaur (Shadow),65.3,2,grass,poison,119.8,121.4,129,1876677,37,1500,Vine Whip,Power Whip,Sludge Bomb,7,7,3,10000
Ninjask,65.3,291,bug,flying,144.8,88.4,121,1549131,28.5,1499,Fury Cutter,Aerial Ace,Shadow Ball,12,13,5,75000
Omanyte,65.3,138,rock,water,128,135.3,101,1749618,43,1500,Mud Shot,Rock Tomb*,Rock Blast,6,5,5,75000
Beautifly,65.2,267,bug,flying,144.7,84,127,1543209,33,1497,Infestation,Air Cutter,Silver Wind,4,4,1,10000
Darmanitan (Standard) (Shadow),65.2,555,fire,none,149.8,72.1,138,1489923,17.5,1496,Incinerate,Rock Slide,Overheat,3,3,3,50000
Exeggutor (Alolan),65.2,103,grass,dragon,134.4,94.8,131,1669766,18.5,1498,Dragon Tail,Seed Bomb,Draco Meteor*,4,6,3,50000
Porygon,65.2,137,normal,none,120,115.4,135,1870465,35.5,1500,Quick Attack<sup>†</sup>,Discharge*,Hyper Beam,5,10,3,50000
Stoutland,65.2,508,normal,none,123.9,116.2,125,1799428,19.5,1496,Sand Attack,Wild Charge,Crunch,12,12,1,10000
Chandelure,65.1,609,ghost,fire,151.5,105.2,93,1481922,17,1498,Incinerate,Shadow Ball,Energy Ball,3,3,5,75000
Herdier,65.1,507,normal,none,118.9,111.7,142,1885363,41.5,1497,Take Down,Dig,Thunderbolt,6,7,1,10000
Exeggutor (Shadow),65,103,grass,psychic,136.2,92.5,131,1650175,18.5,1499,Confusion,Seed Bomb,Psychic,3,4,3,50000
Poliwhirl (Shadow),64.9,61,water,none,114.3,116,148,1961320,50,1500,Bubble,Scald*,Mud Bomb,5,5,3,50000
Sharpedo,64.8,319,water,dark,166.6,64.1,126,1345428,25.5,1498,Bite,Crunch,Poison Fang,12,10,3,50000
Gothorita,64.7,575,psychic,none,112.2,132.8,134,1996579,40,1498,Confusion,Future Sight,Psychic,5,4,3,50000
Koffing (Shadow),64.7,109,poison,none,112.6,131.1,113,1667925,50,1373,Infestation,Sludge,Dark Pulse,4,4,3,50000
Darmanitan (Standard),64.6,555,fire,none,149.8,72.1,138,1489923,17.5,1496,Incinerate,Rock Slide,Overheat,3,3,3,50000
Ribombee,64.5,743,bug,fairy,136.3,105.9,114,1645225,25.5,1497,Fairy Wind,Draining Kiss,Bug Buzz,7,7,1,10000
Klawf,64.4,950,rock,none,121.1,128.1,119,1846224,23,1500,Mud Slap,Bulldoze,Rock Tomb,6,5,3,75000
Tauros,64.4,128,normal,none,125.1,119.5,120,1794891,21.5,1499,Tackle,Trailblaze,Horn Attack,15,12,3,50000
Omanyte (Shadow),64.3,138,rock,water,128,135.3,101,1749618,43,1500,Mud Shot,Rock Tomb*,Rock Blast,6,5,5,75000
Sudowoodo,64.2,185,rock,none,117.2,130.1,126,1920600,26,1500,Counter,Meteor Beam,Trailblaze,10,8,5,75000
Darumaka (Galarian),64.1,554,ice,none,131.9,82.3,157,1705667,50,1500,Ice Fang,Ice Punch,Ice Beam,7,10,3,50000
Luxio,64.1,404,electric,none,133.3,91.1,139,1686895,47.5,1499,Bite,Wild Charge,Crunch,12,12,5,75000
Snover,64.1,459,grass,ice,109.2,100.8,142,1564162,50,1311,Powder Snow,Energy Ball,Ice Beam,6,7,3,50000
Carnivine,64,455,grass,none,130.2,101.9,130,1724039,25.5,1499,Vine Whip,Energy Ball,Crunch,6,6,5,75000
Breloom,63.8,286,grass,fighting,150,96.7,103,1494123,21,1500,Force Palm,Dynamic Punch,Grass Knot*,5,5,3,50000
Exeggutor (Alolan) (Shadow),63.8,103,grass,dragon,134.4,94.8,131,1669766,18.5,1498,Dragon Tail,Seed Bomb,Draco Meteor*,4,6,3,50000
Exploud (Shadow),63.8,295,normal,none,119.8,99.5,157,1870373,24,1500,Astonish,Crunch,Disarming Voice,5,5,1,10000
Accelgor (Shadow),63.7,617,bug,none,143.2,84.9,129,1568558,22.5,1500,Infestation,Energy Ball*,Bug Buzz,4,5,3,50000
Goldeen,63.7,118,water,none,116,105,120,1461636,50,1302,Peck,Aqua Tail,Horn Attack,5,5,3,50000
Klinklang,63.7,601,steel,none,124.3,139.6,104,1803808,21,1497,Metal Sound,Mirror Shot,Flash Cannon,5,9,5,75000
Krokorok,63.7,552,ground,dark,134,88,142,1674489,49.5,1500,Mud Slap,Crunch,Bulldoze,5,6,5,75000
Loudred (Shadow),63.7,294,normal,none,125.2,80.7,178,1797820,50,1500,Bite,Stomp,Disarming Voice,10,12,1,10000
Zygarde (10% Forme),63.7,718,dragon,ground,138.1,119.1,98,1612643,22.5,1494,Dragon Tail,Crunch,Earthquake,4,6,20,100000
Brionne,63.6,729,water,none,125.9,117.1,121,1782789,30,1500,Charm,Aqua Jet,Disarming Voice,5,6,3,10000
Exeggutor,63.6,103,grass,psychic,136.2,92.5,131,1650175,18.5,1499,Confusion,Seed Bomb,Psychic,3,4,3,50000
Nidorino (Shadow),63.5,33,poison,none,123.3,104.3,141,1813973,47.5,1498,Poison Sting,Sludge Bomb,Dig,6,6,3,50000
Dugtrio,63.4,51,ground,none,136.8,120.1,100,1642734,41,1500,Sucker Punch,Mud Bomb,Stone Edge,7,8,3,50000
Omastar,63.4,139,rock,water,126.6,128.4,109,1773092,20,1500,Mud Shot,Rock Slide*,Hydro Pump,5,9,5,75000
Raboot,63.3,814,fire,none,128.9,103.7,130,1737824,31.5,1498,Fire Spin,Flame Charge,Flamethrower,5,6,3,10000
Snubbull (Shadow),63.3,209,fairy,none,127.7,84,142,1524055,50,1399,Bite,Brick Break,Crunch,10,12,3,50000
Cubone,63.2,104,ground,none,88.2,133.6,127,1497128,50,1152,Mud Slap,Bone Club,Bulldoze,4,6,3,50000
Flaaffy,63.2,180,electric,none,121.5,100.5,151,1844088,44,1499,Charge Beam,Discharge,Trailblaze,4,5,5,75000
Kingler,63.2,99,water,none,144.5,115.6,93,1553975,19.5,1500,Mud Shot*,Crabhammer,Vise Grip,6,5,3,50000
Revavroom,63.2,966,steel,poison,135.7,102.5,119,1654542,19,1500,Metal Sound,Overheat,Gyro Ball,7,7,3,50000
Snover (Shadow),63.2,459,grass,ice,109.2,100.8,142,1564162,50,1311,Powder Snow,Energy Ball,Ice Beam,6,7,3,50000
Tentacool,63.2,72,water,poison,94.1,137.8,113,1465578,50,1176,Poison Sting,Wrap,Water Pulse,5,6,3,50000
Ho-Oh (Shadow),63.1,250,fire,flying,123.5,126.5,113,1764371,14,1482,Incinerate,Brave Bird,Sacred Fire*,3,4,20,100000
Rotom (Heat),63.1,479,electric,fire,128.8,144.9,93,1736642,21.5,1500,Thunder Shock,Overheat,Thunderbolt,7,7,5,75000
Sneasel,63.1,215,dark,ice,134,111.8,111,1661900,27,1497,Ice Shard,Avalanche,Foul Play,5,4,3,50000
Cubone (Shadow),63,104,ground,none,88.2,133.6,127,1497128,50,1152,Mud Slap,Bone Club,Bulldoze,4,6,3,50000
Rhyhorn (Shadow),63,111,ground,rock,112.6,111,159,1987139,38.5,1497,Mud Slap,Bulldoze,Stomp,6,4,3,50000
Banette,62.9,354,ghost,none,145.3,92.3,115,1541714,24,1497,Shadow Claw,Shadow Ball,Dazzling Gleam,7,7,3,50000
Gothitelle (Shadow),62.8,576,psychic,none,115.3,140.9,119,1934140,23,1498,Confusion,Rock Slide,Future Sight,4,5,3,50000
Nuzleaf (Shadow),62.8,274,grass,dark,125.2,78.1,157,1536164,50,1387,Feint Attack,Leaf Blade,Foul Play,6,7,3,50000
Omastar (Shadow),62.7,139,rock,water,126.6,128.4,109,1773092,20,1500,Mud Shot,Rock Slide*,Hydro Pump,5,9,5,75000
Rhyhorn,62.7,111,ground,rock,112.6,111,159,1987139,38.5,1497,Mud Slap,Bulldoze,Stomp,6,4,3,50000
Alakazam,62.6,65,psychic,none,155.9,101.4,91,1438855,18,1499,Psycho Cut,Fire Punch,Shadow Ball,5,6,3,50000
Gloom (Shadow),62.6,44,grass,poison,121.4,116,131,1844296,37,1498,Acid,Moonblast,Sludge Bomb,7,7,3,50000
Skorupi (Shadow),62.6,451,poison,bug,90.8,139.5,113,1430471,50,1141,Infestation,Aqua Tail,Cross Poison,3,3,5,75000
Entei (Shadow),62.5,244,fire,none,128.9,95.2,139,1705046,15.5,1484,Fire Fang,Flame Charge,Scorching Sands,9,9,20,100000
Ponyta (Galarian),62.5,77,psychic,none,133.5,108.2,116,1675972,36,1500,Psycho Cut,Swift,Play Rough,4,7,3,50000
Snubbull,62.5,209,fairy,none,127.7,84,142,1524055,50,1399,Bite,Brick Break,Crunch,10,12,3,50000
Dugtrio (Shadow),62.4,51,ground,none,136.8,120.1,100,1642734,41,1500,Mud Slap,Mud Bomb,Stone Edge,5,6,3,50000
Duraludon,62.4,884,steel,dragon,137.7,112.2,105,1622747,18,1497,Dragon Tail,Dragon Claw,Flash Cannon,5,6,5,75000
Mr. Mime (Galarian),62.4,122,ice,psychic,130.5,127,104,1724015,27,1500,Confusion,Ice Punch,Triple Axel,3,4,5,75000
Porygon2,62.4,233,normal,none,122.2,117.9,127,1829984,20.5,1498,Lock On,Tri Attack,Zap Cannon,10,16,3,50000
Granbull (Shadow),62.3,210,fairy,none,135.3,88.3,139,1661969,22,1500,Charm,Close Combat,Crunch,6,6,3,50000
Simisage,62.3,512,grass,none,136,95.8,126,1642252,23.5,1496,Vine Whip,Grass Knot,Crunch,7,6,3,50000
Diancie,62.1,719,rock,fairy,119.2,175.2,89,1857962,19.5,1488,Rock Throw,Moonblast,Rock Slide,10,9,20,100000
Entei,62.1,244,fire,none,129.3,96.2,140,1741304,16,1500,Fire Fang,Flame Charge,Scorching Sands,9,9,20,100000
Lycanroc (Midday),62.1,745,rock,none,142.7,93.1,118,1568817,20.5,1499,Sucker Punch,Drill Run,Stone Edge,6,8,5,50000
Tentacool (Shadow),62.1,72,water,poison,94.1,137.8,113,1465578,50,1176,Poison Sting,Wrap,Water Pulse,5,6,3,50000
Dugtrio (Alolan) (Shadow),62,51,ground,steel,148.2,112.9,90,1506431,29,1499,Mud Slap,Mud Bomb,Iron Head,5,5,3,50000
Graveler,61.9,75,rock,ground,121.5,131,116,1845378,30,1499,Mud Slap,Rock Slide*,Dig,5,5,1,10000
Musharna,61.9,518,psychic,none,113.1,108.9,161,1982428,20.5,1499,Charge Beam,Psyshock,Dazzling Gleam,4,5,3,50000
Nuzleaf,61.9,274,grass,dark,125.2,78.1,157,1536164,50,1387,Feint Attack,Leaf Blade,Foul Play,6,7,3,50000
Silicobra,61.9,843,ground,none,99.2,116,131,1506264,50,1222,Mud Slap,Earth Power,Wrap,5,5,3,50000
Vileplume,61.9,45,grass,poison,128.8,112.7,120,1742867,21.5,1499,Acid,Sludge Bomb,Petal Blizzard,7,9,3,50000
Cursola,61.8,864,ghost,none,145.7,111.1,95,1537102,18,1497,Astonish,Night Shade,Power Gem,5,5,3,50000
Luxio (Shadow),61.8,404,electric,none,133.7,90.2,139,1677029,46,1499,Bite,Wild Charge,Crunch,12,12,5,75000
Noivern (Shadow),61.8,715,flying,dragon,125.5,113.5,126,1794213,20,1500,Bite,Heat Wave,Hurricane,12,15,5,75000
Rotom (Fan),61.8,479,electric,flying,128.8,144.9,93,1736642,21.5,1500,Astonish,Thunderbolt,Ominous Wind,6,5,5,75000
Tangela,61.8,114,grass,none,125.6,122.9,116,1790197,25,1500,Vine Whip,Grass Knot,Sludge Bomb,7,7,3,50000
Yanma,61.7,193,bug,flying,130.8,89.7,146,1713046,46.5,1499,Wing Attack,Silver Wind,Aerial Ace,6,6,3,50000
Blissey,61.6,242,normal,none,81,111.3,307,2768972,20.5,1500,Zen Headbutt,Wild Charge*,Dazzling Gleam,8,10,5,75000
Jynx,61.6,124,ice,psychic,141.2,102.2,110,1587668,21.5,1499,Confusion,Avalanche,Psyshock,4,3,5,75000
Onix,61.6,95,rock,ground,84,207.6,105,1831281,50,1245,Rock Throw,Rock Slide*,Sand Tomb,9,9,5,75000
Prinplup (Shadow),61.6,394,water,none,118.6,117.1,136,1888948,36.5,1498,Bubble,Icy Wind,Bubble Beam,5,5,3,10000
Simipour,61.6,516,water,none,136,95.8,126,1642252,23.5,1496,Bite,Surf,Crunch,12,12,3,50000
Graveler (Shadow),61.5,75,rock,ground,122.6,129.9,115,1831483,29.5,1500,Mud Slap,Rock Slide*,Dig,5,5,1,10000
Skorupi,61.5,451,poison,bug,90.8,139.5,113,1430471,50,1141,Infestation,Aqua Tail,Cross Poison,3,3,5,75000
Arboliva,61.4,930,grass,normal,129.3,116.6,115,1734048,18.5,1500,Magical Leaf,Earth Power,Trailblaze,5,5,3,50000
Gothorita (Shadow),61.4,575,psychic,none,112.2,132.8,134,1996579,40,1498,Confusion,Future Sight,Psychic,5,4,3,50000
Pineco,61.4,204,bug,none,103.4,115.1,127,1511117,50,1253,Bug Bite,Rock Tomb,Sand Tomb,17,15,5,75000
Heliolisk,61.3,695,electric,normal,138.1,112.1,105,1626001,21.5,1500,Volt Switch,Breaking Swipe,Parabolic Charge,4,4,3,50000
Kyogre (Shadow),61.3,382,water,none,133.9,116.6,104,1623378,13,1478,Waterfall,Avalanche,Surf,5,5,20,100000
Seel,61.3,86,water,none,84,114.3,149,1430849,50,1098,Water Gun*,Aqua Tail,Icy Wind,12,15,3,50000
Weavile,61.3,461,dark,ice,141.9,105.1,106,1581752,18.5,1500,Snarl,Avalanche,Foul Play,4,4,3,50000
Cloyster (Shadow),61.2,91,water,ice,119,169.8,93,1879927,22,1498,Ice Shard,Icy Wind,Liquidation,5,5,3,50000
Gardevoir,61.2,282,psychic,fairy,136.6,115.6,104,1642368,18,1499,Confusion,Triple Axel,Shadow Ball,4,4,5,75000
Groudon (Shadow),61.2,383,ground,none,133.9,116.6,104,1623378,13,1478,Mud Shot,Precipice Blades*,Fire Punch*,7,5,20,100000
Lilligant (Hisuian),61.2,549,grass,fighting,133.5,107.8,117,1682787,22,1499,Bullet Seed,Upper Hand,Petal Blizzard,4,5,1,10000
Rotom (Wash),61.2,479,electric,water,128.8,144.9,93,1736642,21.5,1500,Thunder Shock,Thunderbolt,Hydro Pump,7,9,5,75000
Trapinch,61.2,328,ground,none,148.7,78.1,120,1394782,50,1441,Sand Attack,Sand Tomb,Crunch,12,12,5,75000
Drowzee,61.1,96,psychic,none,87.4,126.9,142,1574590,50,1176,Confusion,Psyshock,Return<sup>†</sup>,3,5,3,50000
Banette (Shadow),61,354,ghost,none,145.9,91.6,115,1537675,24,1499,Shadow Claw,Shadow Ball,Dazzling Gleam,7,7,3,50000
Swellow (Shadow),61,277,normal,flying,136,100,121,1645136,29,1499,Wing Attack,Brave Bird,Sky Attack,7,7,1,10000
Exeggcute,60.9,102,grass,psychic,102.5,117.6,142,1712557,50,1328,Confusion,Seed Bomb,Ancient Power,3,4,3,50000
Shaymin (Land),60.9,492,grass,none,117.9,122.3,132,1902467,17,1498,Magical Leaf,Grass Knot,Seed Flare*,5,8,20,100000
Toedscool,60.8,948,ground,grass,94.1,137.8,113,1465578,50,1176,Mud Slap,Earth Power,Wrap,5,5,3,50000
Tsareena,60.8,763,grass,none,130.4,120.7,109,1715364,18.5,1496,Magical Leaf,Triple Axel,High Jump Kick*,5,6,3,10000
Weavile (Shadow),60.7,461,dark,ice,141.9,105.1,106,1581752,18.5,1500,Snarl,Avalanche,Foul Play,4,4,3,50000
Tangela (Shadow),60.6,114,grass,none,125.6,122.9,116,1790197,25,1500,Vine Whip,Grass Knot,Sludge Bomb,7,7,3,50000
Exeggcute (Shadow),60.5,102,grass,psychic,102.5,117.6,142,1712557,50,1328,Confusion,Seed Bomb,Ancient Power,3,4,3,50000
Dugtrio (Alolan),60.4,51,ground,steel,148.2,112.9,90,1506431,29,1499,Mud Slap,Mud Bomb,Iron Head,5,5,3,50000
Flaaffy (Shadow),60.4,180,electric,none,121.5,100.5,151,1844088,44,1499,Charge Beam,Discharge,Trailblaze,4,5,5,75000
Ambipom,60.3,424,normal,none,133.9,100.6,124,1669988,23,1500,Scratch,Aerial Ace,Return<sup>†</sup>,12,18,3,50000
Trapinch (Shadow),60.3,328,ground,none,148.7,78.1,120,1394782,50,1441,Sand Attack,Sand Tomb,Crunch,12,12,5,75000
Vileplume (Shadow),60.3,45,grass,poison,128.8,112.7,120,1742867,21.5,1499,Acid,Moonblast,Sludge Bomb,7,7,3,50000
Infernape,60.1,392,fire,fighting,136.7,100.4,119,1633131,20.5,1495,Fire Spin,Close Combat,Blast Burn*,5,5,3,10000
Archen (Shadow),60,566,rock,flying,159.5,76.1,116,1408037,30,1500,Wing Attack,Ancient Power,Crunch,6,6,5,75000
Bonsly,60,438,rock,none,116.8,124.4,127,1844799,50,1472,Counter,Rock Tomb,Rock Slide,9,8,5,10000
Seel (Shadow),59.7,86,water,none,84,114.3,149,1430849,50,1098,Water Gun*,Aqua Tail,Icy Wind,12,15,3,50000
Carracosta,59.6,565,water,rock,121.4,127,120,1849862,21.5,1499,Water Gun,Liquidation,Ancient Power,15,15,5,75000
Archeops (Shadow),59.5,567,rock,flying,160.6,81.9,106,1395055,16.5,1499,Wing Attack,Ancient Power,Crunch,6,6,5,75000
Gardevoir (Shadow),59.5,282,psychic,fairy,136.6,115.6,104,1642368,18,1499,Confusion,Triple Axel,Shadow Ball,4,4,5,75000
Infernape (Shadow),59.4,392,fire,fighting,136.7,100.4,119,1633131,20.5,1495,Fire Spin,Close Combat,Blast Burn*,5,5,3,10000
Liepard (Shadow),59.4,510,dark,none,139.8,88.5,129,1596153,30,1496,Snarl,Dark Pulse,Play Rough,4,5,1,10000
Oricorio (Pom-Pom),59.4,741,electric,flying,130.9,102.1,128,1710403,24,1497,Air Slash,Air Cutter,Hurricane,5,7,3,75000
Darmanitan (Galarian),59.3,555,ice,none,149.8,72.1,138,1489923,17.5,1496,Ice Fang,Avalanche,Superpower,8,7,3,50000
Pupitar,59.3,247,rock,ground,120.2,111.8,139,1867909,34,1498,Bite,Ancient Power,Dig,12,13,5,75000
Boldore,59.2,525,rock,none,124.4,109.6,132,1799347,28,1497,Mud Slap,Rock Slide,Bulldoze,5,6,3,50000
Drowzee (Shadow),59.1,96,psychic,none,87.4,126.9,142,1574590,50,1176,Confusion,Psyshock,Psychic,3,4,3,50000
Kingler (Shadow),59,99,water,none,144.5,115.6,93,1553975,19.5,1500,Bubble,Crabhammer,Vise Grip,5,4,3,50000
Eelektross,58.9,604,electric,none,133.8,99.8,126,1682153,20,1500,Volt Switch*,Dragon Claw,Thunderbolt,4,4,1,10000
Simisear,58.9,514,fire,none,136,95.8,126,1642252,23.5,1496,Fire Spin,Crunch,Flamethrower,5,6,3,50000
Clamperl,58.7,366,water,none,124.4,126,105,1645929,50,1436,Water Gun,Water Pulse,Body Slam,17,14,3,50000
Manectric (Shadow),58.7,310,electric,none,142.5,91.3,121,1574038,23.5,1498,Snarl,Wild Charge,Psychic Fangs,4,3,3,50000
Granbull,58.6,210,fairy,none,135.3,88.3,139,1661969,22,1500,Charm,Close Combat,Crunch,6,6,3,50000
Fuecoco,58.5,909,fire,none,106.7,93.3,152,1513000,50,1274,Incinerate,Crunch,Disarming Voice,3,3,3,10000
Liepard,58.5,510,dark,none,139.8,88.5,129,1596153,30,1496,Snarl,Dark Pulse,Play Rough,4,5,1,10000
Onix (Shadow),58.5,95,rock,ground,84,207.6,105,1831281,50,1245,Rock Throw,Rock Slide*,Sand Tomb,9,9,5,75000
Porygon2 (Shadow),58.5,233,normal,none,122.2,117.9,127,1829984,20.5,1498,Lock On,Tri Attack,Zap Cannon,10,16,3,50000
Deerling,58.4,585,normal,grass,109.2,96.6,142,1498988,50,1283,Take Down,Wild Charge,Energy Ball,5,5,3,50000
Raticate,58.4,20,normal,none,125.9,116.1,122,1783281,34.5,1499,Quick Attack,Hyper Fang,Dig,7,7,1,10000
Whirlipede,58.4,544,bug,poison,96.6,158,113,1725055,50,1293,Poison Sting,Sludge Bomb,Gyro Ball,6,6,1,10000
Archen,58.2,566,rock,flying,159.5,76.1,116,1408037,30,1500,Wing Attack,Ancient Power,Crunch,6,6,5,75000
Crabominable,58.2,740,fighting,ice,136.8,88.5,135,1634961,19,1499,Bubble,Ice Punch,Brick Break,4,4,3,50000
Mr. Rime,58.2,866,ice,psychic,127.4,114.4,120,1749749,19.5,1495,Confusion,Icy Wind,Psychic,4,4,5,75000
Tranquill,58.2,520,normal,flying,124,102.2,143,1812350,49.5,1500,Air Slash,Heat Wave,Aerial Ace,5,5,1,10000
Pupitar (Shadow),58.1,247,rock,ground,120.2,111.8,139,1867909,34,1498,Bite,Ancient Power,Dig,12,13,5,75000
Geodude (Shadow),58,74,rock,ground,123.5,123.5,113,1724177,50,1462,Rock Throw,Rock Tomb,Rock Slide,10,9,1,10000
Lycanroc (Dusk),58,745,rock,none,144.6,92,117,1556153,20,1500,Sucker Punch,Stone Edge,Trailblaze,8,7,5,50000
Pineco (Shadow),58,204,bug,none,103.4,115.1,127,1511117,50,1253,Bug Bite,Rock Tomb,Sand Tomb,17,15,5,75000
Dragapult,57.9,887,dragon,ghost,142.5,96.2,115,1577592,15.5,1500,Dragon Tail,Shadow Ball,Outrage,5,5,5,75000
Phanpy,57.8,231,ground,none,102.5,95,186,1810589,50,1364,Tackle,Bulldoze,Rock Slide,19,15,3,50000
Archeops,57.6,567,rock,flying,160.6,81.9,106,1395055,16.5,1499,Wing Attack,Ancient Power,Crunch,6,6,5,75000
Chinchou,57.6,170,water,electric,101.7,94.1,164,1569336,50,1265,Bubble,Water Pulse,Thunderbolt,5,5,3,50000
Lombre,57.6,271,water,grass,106.7,112.6,142,1706340,50,1353,Bubble,Scald,Grass Knot,5,5,3,50000
Plusle,57.6,311,electric,none,128.2,107.2,127,1745748,33,1498,Quick Attack,Thunderbolt,Grass Knot,7,7,3,50000
Braviary,57.5,628,normal,flying,133.8,92.9,135,1678339,18,1500,Air Slash,Fly,Close Combat,5,5,5,75000
Corphish (Shadow),57.5,341,water,none,131.1,95.8,117,1469211,50,1391,Bubble,Aqua Jet,Vise Grip,4,4,3,50000
Sudowoodo (Shadow),57.5,185,rock,none,117.2,130.1,126,1920600,26,1500,Counter,Meteor Beam,Trailblaze,10,8,5,75000
Glimmora,57.4,970,rock,poison,137.7,103,115,1631007,17,1499,Rock Throw,Meteor Beam,Power Gem,12,10,3,50000
Heliolisk (Shadow),57.4,695,electric,normal,138.1,112.1,105,1626001,21.5,1500,Volt Switch,Breaking Swipe,Parabolic Charge,4,4,3,50000
Vivillon,57.4,666,bug,flying,131.7,86.3,149,1694365,30,1498,Gust,Energy Ball,Hurricane,4,5,1,10000
Stonjourner,57.3,874,rock,none,125.6,108,132,1789539,17,1500,Rock Throw,Rock Slide,Stomp,9,8,5,75000
Popplio,57.2,728,water,none,113.4,99.2,127,1428526,50,1276,Water Gun,Aqua Tail,Aqua Jet,12,14,3,10000
Azelf,57.1,482,psychic,none,152.6,90.3,106,1460851,17,1495,Confusion,Swift,Future Sight,3,5,20,100000
Swirlix,57.1,684,fairy,none,104.2,112.6,145,1701231,50,1333,Tackle,Draining Kiss,Energy Ball,19,15,3,50000
Raticate (Shadow),57,20,normal,none,125.9,116.1,122,1783281,34.5,1499,Quick Attack,Hyper Fang,Dig,7,7,1,10000
Cinccino,56.9,573,normal,none,134.9,96.2,128,1661081,25,1498,Charm,Aqua Tail,Thunderbolt,5,7,3,50000
Sunflora,56.9,192,grass,none,128.7,102.2,132,1736327,26,1499,Bullet Seed,Leaf Storm,Sludge Bomb,5,4,3,50000
Yanmega,56.9,469,bug,flying,136.8,96.1,125,1643327,19,1500,Wing Attack,Aerial Ace,Ancient Power,6,6,3,50000
Dwebble,56.8,557,bug,rock,111.8,120.2,127,1705533,50,1384,Smack Down,Rock Tomb,X-Scissor,7,5,1,10000
Eevee,56.7,133,normal,none,100,108.4,135,1463320,50,1210,Quick Attack,Swift,Dig,5,7,5,75000
Clauncher,56.6,692,water,none,103.4,110.9,127,1455967,50,1230,Water Gun,Aqua Jet,Crabhammer,14,17,3,50000
Arcanine (Hisuian),56.5,59,fire,rock,132.4,99.5,129,1699489,17.5,1500,Snarl,Wild Charge,Rock Slide,4,4,3,50000
Rowlet,56.5,722,grass,flying,98.3,95.8,154,1450375,50,1196,Leafage,Energy Ball,Seed Bomb,6,5,3,10000
Tatsugiri (Curly),56.5,978,dragon,water,137.4,108.1,109,1619434,20,1497,Take Down,Surf,Outrage,5,7,5,75000
Tatsugiri (Droopy),56.5,978,dragon,water,137.4,108.1,109,1619434,20,1497,Take Down,Surf,Outrage,5,7,5,75000
Tatsugiri (Stretchy),56.5,978,dragon,water,137.4,108.1,109,1619434,20,1497,Take Down,Surf,Outrage,5,7,5,75000
Elgyem,56.4,605,psychic,none,133.7,95.5,132,1684875,48,1500,Confusion,Dark Pulse,Psychic,4,4,3,50000
Oricorio (Baile),56.4,741,fire,flying,130.9,102.1,128,1710403,24,1497,Air Slash,Air Cutter,Hurricane,5,7,3,75000
Glimmet,56.3,969,rock,poison,147.1,90.9,114,1524533,36.5,1497,Rock Throw,Power Gem,Dazzling Gleam,10,11,3,50000
Corphish,56.2,341,water,none,131.1,95.8,117,1469211,50,1391,Bubble,Aqua Jet,Vise Grip,4,4,3,50000
Krabby (Shadow),56.2,98,water,none,148.1,111.2,92,1515235,42,1498,Bubble,Vise Grip,Razor Shell,4,4,3,50000
Bulbasaur,56.1,1,grass,poison,111.8,105.9,120,1419947,50,1260,Vine Whip,Power Whip,Seed Bomb,7,5,3,10000
Indeedee (Female),56,876,psychic,normal,121.7,128.2,118,1842015,23.5,1500,Extrasensory,Energy Ball,Psychic,5,6,3,50000
Dwebble (Shadow),55.9,557,bug,rock,111.8,120.2,127,1705533,50,1384,Smack Down,Rock Tomb,X-Scissor,7,5,1,10000
Boldore (Shadow),55.8,525,rock,none,125.4,109.3,131,1795223,27.5,1500,Mud Slap,Rock Slide,Bulldoze,5,6,3,50000
Bulbasaur (Shadow),55.8,1,grass,poison,111.8,105.9,120,1419947,50,1260,Vine Whip,Power Whip,Seed Bomb,7,5,3,10000
Carracosta (Shadow),55.8,565,water,rock,121.4,127,120,1849862,21.5,1499,Water Gun,Liquidation,Ancient Power,15,15,5,75000
Vanilluxe,55.8,584,ice,none,131.5,117.4,110,1698594,19.5,1500,Astonish,Avalanche*,Flash Cannon,5,7,3,50000
Beheeyem,55.7,606,psychic,none,134.4,105.7,117,1662923,20,1495,Confusion,Dark Pulse,Rock Slide,4,4,3,50000
Porygon (Shadow),55.6,137,normal,none,120,115.4,135,1870465,35.5,1500,Tackle*,Discharge*,Signal Beam*,14,19,3,50000
Reuniclus (Shadow),55.6,579,psychic,none,126.9,94.9,147,1771020,19,1500,Charm*,Psyshock,Shadow Ball,5,7,3,50000
Mothim,55.4,414,bug,flying,140,83,138,1603038,31.5,1500,Bug Bite,Aerial Ace,Bug Buzz,15,20,1,10000
Boltund,55.3,836,electric,none,136.9,95.4,126,1645126,26,1500,Bite,Crunch,Thunder,12,15,1,50000
Drizzile,55.2,817,water,none,137.9,92.1,128,1626045,29.5,1499,Water Gun,Surf,Water Pulse,15,17,3,10000
Whirlipede (Shadow),55.2,544,bug,poison,96.6,158,113,1725055,50,1293,Poison Sting,Sludge Bomb,Gyro Ball,6,6,1,10000
Tranquill (Shadow),55.1,520,normal,flying,124,102.2,143,1812350,49.5,1500,Air Slash,Heat Wave,Aerial Ace,5,5,1,10000
Rotom (Frost),54.9,479,electric,ice,128.8,144.9,93,1736642,21.5,1500,Thunder Shock,Thunderbolt,Blizzard,7,9,5,75000
Oricorio (Sensu),54.8,741,ghost,flying,130.9,102.1,128,1710403,24,1497,Air Slash,Air Cutter,Hurricane,5,7,3,75000
Chespin (Shadow),54.5,650,grass,none,105,101.7,136,1452456,50,1239,Vine Whip,Seed Bomb,Body Slam,5,5,3,10000
Rampardos (Shadow),54,409,rock,none,162.2,67.3,126,1375562,16.5,1496,Smack Down,Rock Slide,Flamethrower,6,7,5,75000
Stantler,54,234,normal,none,132.1,99.5,129,1695309,26,1499,Tackle,Wild Charge,Stomp,15,14,3,50000
Krabby,53.9,98,water,none,148.1,111.2,92,1515235,42,1498,Bubble,Vise Grip,Razor Shell,4,4,3,50000
Octillery,53.9,224,water,none,131.5,100.8,128,1696917,24,1495,Lock On,Octazooka,Gunk Shot,10,15,1,10000
Seadra,53.9,117,water,none,131.3,117.6,110,1699030,26.5,1494,Dragon Breath,Hydro Pump,Dragon Pulse,19,14,3,50000
Geodude,53.8,74,rock,ground,123.5,123.5,113,1724177,50,1462,Rock Throw,Rock Tomb,Rock Slide,10,9,1,10000
Golem (Shadow),53.5,76,rock,ground,125.2,122.3,117,1791042,19,1497,Mud Slap,Earthquake,Stone Edge,7,6,1,10000
Rhydon (Shadow),53.5,112,ground,rock,126.3,103.4,136,1775740,17.5,1499,Mud Slap,Stone Edge,Earthquake,6,7,3,50000
Maractus,53.3,556,grass,none,135.5,95.2,128,1652028,24.5,1498,Bullet Seed,Aerial Ace,Petal Blizzard,4,5,1,10000
Chespin,53.2,650,grass,none,105,101.7,136,1452456,50,1239,Vine Whip,Seed Bomb,Body Slam,5,5,3,10000
Komala,52.9,775,normal,none,136.9,110.3,109,1645080,21.5,1500,Rollout,Bulldoze,Payback,5,5,3,50000
Piplup,52.9,393,water,none,106.7,98.3,131,1374452,50,1215,Bubble,Drill Peck,Icy Wind,4,5,3,10000
Braviary (Hisuian),52,628,psychic,flying,128.6,89.7,151,1741069,19.5,1496,Air Slash,Brave Bird,Fly,7,5,5,75000
Gorebyss,52,368,water,none,136.2,121,100,1648806,22.5,1499,Confusion,Water Pulse,Draining Kiss,4,4,3,50000
Varoom,52,965,steel,poison,116,102.5,120,1426556,50,1287,Metal Sound,Gyro Ball,Gunk Shot,7,10,3,50000
Frogadier,51.8,657,water,none,134.5,100.9,123,1668029,38.5,1500,Bubble,Surf,Aerial Ace,5,5,3,10000
Rhydon,51.8,112,ground,rock,126.3,103.4,136,1775740,17.5,1499,Mud Slap,Stone Edge,Earthquake,6,7,3,50000
Golem,51.7,76,rock,ground,125.2,122.3,117,1791042,19,1497,Mud Slap,Earthquake,Stone Edge,7,6,1,10000
Nosepass,51.7,299,rock,none,81.5,193.3,98,1543812,50,1123,Rock Throw,Rock Slide,Rock Blast,9,8,3,50000
Stantler (Shadow),51.7,234,normal,none,133.6,98.5,128,1683827,25.5,1500,Tackle,Wild Charge,Stomp,15,14,3,50000
Accelgor,51.6,617,bug,none,143.2,84.9,129,1568558,22.5,1500,Infestation,Bug Buzz,Acid Spray,5,4,3,50000
Oricorio (Pa'u),51.3,741,psychic,flying,130.9,102.1,128,1710403,24,1497,Air Slash,Air Cutter,Hurricane,5,7,3,75000
Crabrawler,50.9,739,fighting,none,135.7,98.9,123,1650391,49.5,1497,Bubble,Crabhammer,Power-Up Punch,5,4,3,50000
Shaymin (Sky),50.9,492,grass,flying,139.4,94.1,123,1613915,15.5,1500,Magical Leaf,Energy Ball,Grass Knot,5,5,20,100000
Lycanroc (Midnight),50.6,745,rock,none,132.6,99.8,127,1680365,20,1494,Counter,Stone Edge,Trailblaze,10,8,5,50000
Nosepass (Shadow),50.6,299,rock,none,81.5,193.3,98,1543812,50,1123,Rock Throw,Rock Slide,Rock Blast,9,8,3,50000
Piplup (Shadow),50.5,393,water,none,106.7,98.3,131,1374452,50,1215,Bubble,Drill Peck,Icy Wind,4,5,3,10000
Sigilyph,50.4,561,psychic,flying,130.1,112.1,118,1720791,21.5,1498,Air Slash,Air Cutter,Ancient Power,5,5,5,75000
Cherrim (Overcast),50.3,421,grass,none,121.9,116.3,130,1842766,27.5,1500,Bullet Seed,Dazzling Gleam,Solar Beam,5,7,1,10000
Clawitzer,50.2,693,water,none,134.4,110.5,112,1663806,20,1497,Water Gun,Crabhammer,Ice Beam,17,19,3,50000
Kadabra (Shadow),50.2,64,psychic,none,163.8,90.9,92,1370471,27,1500,Confusion,Shadow Ball,Dazzling Gleam,4,4,3,50000
Glaceon,50.1,471,ice,none,135.8,122.4,99,1645303,17.5,1498,Ice Shard,Avalanche,Water Pulse*,5,5,5,75000
Wugtrio,50.1,961,water,none,151.1,108.6,90,1476993,29,1499,Mud Slap,Liquidation,Surf,5,5,3,50000
Phanpy (Shadow),50,231,ground,none,102.5,95,186,1810589,50,1364,Tackle,Bulldoze,Rock Slide,19,15,3,50000
Frogadier (Shadow),49.5,657,water,none,134.5,100.9,123,1668029,38.5,1500,Bubble,Surf,Aerial Ace,5,5,3,10000
Seadra (Shadow),49.5,117,water,none,131.3,117.6,110,1699030,26.5,1494,Dragon Breath,Hydro Pump,Dragon Pulse,19,14,3,50000
Unfezant (Shadow),49.3,521,normal,flying,138.6,95.6,122,1616212,20,1499,Air Slash,Heat Wave,Sky Attack,5,6,1,10000
Stakataka,49.2,805,rock,steel,119.5,169.1,93,1879565,17,1499,Take Down,Stone Edge,Bulldoze,7,7,20,100000
Flabebe,48.7,669,fairy,none,103.4,113.4,119,1395258,50,1202,Vine Whip,Dazzling Gleam,Petal Blizzard,7,9,3,50000
Tornadus (Incarnate),48.7,641,flying,none,148.1,95.5,107,1513826,16.5,1500,Bite,Dark Pulse,Hurricane,12,15,20,100000
Roselia,48.6,315,grass,poison,138.6,105.9,110,1614895,29.5,1497,Poison Jab,Sludge Bomb,Petal Blizzard,8,10,3,50000
Unfezant,48.6,521,normal,flying,138.6,95.6,122,1616212,20,1499,Air Slash,Heat Wave,Sky Attack,5,6,1,10000
Deoxys (Speed),48.4,386,psychic,none,140.8,131.6,86,1592886,18.5,1499,Charge Beam,Psycho Boost,Swift,4,4,20,100000
Roggenrola,48.4,524,rock,none,114.3,105,135,1620509,50,1362,Smack Down,Stone Edge,Rock Blast,7,5,3,50000
Turtwig,48.3,387,grass,none,112.6,105,135,1596678,50,1342,Tackle,Energy Ball,Body Slam,15,14,3,10000
Tornadus (Incarnate) (Shadow),48.2,641,flying,none,148.1,95.5,107,1513826,16.5,1500,Bite,Dark Pulse,Hurricane,12,15,20,100000
Ferroseed,48.1,597,grass,steel,81.5,142.9,119,1385595,50,1064,Metal Claw,Iron Head,Return<sup>†</sup>,8,10,3,75000
Dottler,48,825,bug,psychic,85.7,144.5,127,1573262,50,1164,Confusion,Bug Buzz,Psychic,5,4,1,10000
Naganadel,48,804,poison,dragon,149.8,95.6,105,1502729,17.5,1500,Poison Jab,Dragon Claw,Sludge Bomb,8,8,20,100000
Rampardos,47.8,409,rock,none,162.2,67.3,126,1375562,16.5,1496,Smack Down,Rock Slide,Flamethrower,6,7,5,75000
Hoopa,47.7,720,psychic,ghost,144.8,106.3,99,1524461,16,1488,Confusion,Shadow Ball,Psychic,4,4,20,100000
Cranidos (Shadow),46.8,408,rock,none,163.9,62.9,133,1371716,30,1500,Take Down,Rock Tomb,Bulldoze,6,7,5,75000
Munna,46.5,517,psychic,none,105.9,89.9,166,1580270,50,1294,Charge Beam,Psyshock,Dazzling Gleam,4,5,3,50000
Reuniclus,46.5,579,psychic,none,126.9,94.9,147,1771020,19,1500,Hidden Power (Fighting),Psyshock,Shadow Ball,5,7,3,50000
Roggenrola (Shadow),46.4,524,rock,none,114.3,105,135,1620509,50,1362,Smack Down,Stone Edge,Bulldoze,7,7,3,50000
Turtwig (Shadow),45.3,387,grass,none,112.6,105,135,1596678,50,1342,Tackle,Energy Ball,Body Slam,15,14,3,10000
Porygon-Z (Shadow),45,474,normal,none,147.6,88.1,117,1522008,17,1500,Lock On,Tri Attack*,Zap Cannon,10,16,3,50000
Kadabra,44.7,64,psychic,none,163.8,90.9,92,1370471,27,1500,Confusion,Shadow Ball,Dazzling Gleam,4,4,3,50000
Porygon-Z,44.7,474,normal,none,147.6,88.1,117,1522008,17,1500,Lock On,Tri Attack*,Zap Cannon,10,16,3,50000
Indeedee (Male),43.9,876,psychic,normal,135,114.7,107,1656303,22.5,1495,Extrasensory,Shadow Ball,Psychic,5,6,3,50000
Lilligant,43.3,549,grass,none,136.6,105.9,114,1648858,22,1500,Charm,Petal Blizzard,Hyper Beam,9,10,1,10000
Butterfree,42.8,12,bug,flying,126.7,112.6,124,1768668,31.5,1499,Confusion,Bug Buzz,Signal Beam,5,4,1,10000
Ferroseed (Shadow),42.6,597,grass,steel,81.5,142.9,119,1385595,50,1064,Metal Claw,Iron Head,Gyro Ball,8,8,3,75000
Butterfree (Shadow),41.9,12,bug,flying,126.7,112.6,124,1768668,31.5,1499,Confusion,Bug Buzz,Signal Beam,5,4,1,10000
Meltan,41.6,808,steel,none,111.8,95.8,121,1295420,50,1207,Thunder Shock,Flash Cannon,Thunderbolt,8,7,20,100000
Skiddo,41.3,672,grass,none,116,98.3,151,1721514,50,1414,Rock Smash,Brick Break,Seed Bomb,6,6,3,50000
Duosion (Shadow),41.1,578,psychic,none,149.2,82,123,1504319,27.5,1500,Hidden Power (Psychic),Psyshock,Night Shade,5,6,3,50000
Cranidos,40.7,408,rock,none,163.9,62.9,133,1371716,30,1500,Take Down,Rock Tomb,Bulldoze,6,7,5,75000
Solosis (Shadow),40.7,577,psychic,none,152,81.9,118,1468468,49,1498,Hidden Power (Psychic),Psyshock,Night Shade,5,6,3,50000
Duosion,38.9,578,psychic,none,149.2,82,123,1504319,27.5,1500,Hidden Power (Psychic),Psyshock,Night Shade,5,6,3,50000
Solosis,38.2,577,psychic,none,152,81.9,118,1468468,49,1498,Hidden Power (Psychic),Psyshock,Night Shade,5,6,3,50000
Clobbopus,35.5,852,fighting,none,114.3,99.2,127,1439108,50,1286,Rock Smash,Superpower,Ice Punch,6,6,3,50000
Regigigas (Shadow),33.8,486,normal,none,140.3,102,110,1574364,12.5,1492,Hidden Power (Ice),Crush Grip*,Thunder,7,8,20,100000
Regigigas,32.5,486,normal,none,139.8,104.4,110,1605384,12.5,1498,Hidden Power (Ground),Crush Grip*,Thunder,7,8,20,100000
Spoink (Shadow),31.4,325,psychic,none,117.6,115.1,141,1909574,50,1499,Zen Headbutt,Shadow Ball,Mirror Coat,9,9,1,10000
Spoink,29.1,325,psychic,none,117.6,115.1,141,1909574,50,1499,Zen Headbutt,Shadow Ball,Mirror Coat,9,9,1,10000
Clefairy,25.2,35,fairy,none,102.5,103.4,157,1663540,50,1306,Zen Headbutt,Moonblast,Disarming Voice,9,8,1,10000
Unown,24.9,201,psychic,none,126.9,89.1,125,1412738,50,1339,Hidden Power (Psychic),Struggle,,13,0,5,75000
Slaking,11.3,289,normal,none,138.9,83.1,140,1616182,12.5,1499,Yawn,Body Slam*,Earthquake,4,6,5,75000
Slaking (Shadow),8.6,289,normal,none,138.9,83.1,140,1616182,12.5,1499,Yawn,Body Slam*,Earthquake,4,6,5,75000
